PK,event_timestamp,INDE,IDADE,IAA,IEG,IPS,IPP,IDA,IPV,DEFASAGEM
RA-12762024,2026-03-06 11:33:59.499006+00:00,8.002866667,8,10.0,9.3,3.8,7.5,8.0,7.1,0.0
RA-12772024,2026-03-06 11:33:59.499006+00:00,7.9522,8,10.0,9.1,3.8,7.5,8.0,7.0,0.0
RA-8682024,2026-03-06 11:33:59.499006+00:00,7.156366667,8,8.0,9.8,3.8,6.9,7.0,7.2,1.0
RA-12782024,2026-03-06 11:33:59.499006+00:00,5.4442,9,9.0,4.2,3.8,5.0,7.5,4.2,1.0
RA-12792024,2026-03-06 11:33:59.499006+00:00,8.0822,9,10.0,10.0,6.3,7.5,8.3,7.8,1.0
RA-8612024,2026-03-06 11:33:59.499006+00:00,8.9597,9,9.5,10.0,7.5,8.1,10.0,9.7,1.0
RA-8622024,2026-03-06 11:33:59.499006+00:00,7.346677273,10,9.0,8.6,7.5,7.2,7.5,6.3,1.0
RA-12802024,2026-03-06 11:33:59.499006+00:00,8.152624243,9,10.0,9.5,6.3,7.5,8.5,8.3,1.0
RA-12812024,2026-03-06 11:33:59.499006+00:00,7.982890909,9,7.9,9.5,6.3,7.5,9.3,7.8,1.0
RA-8952024,2026-03-06 11:33:59.499006+00:00,8.257957576,9,9.5,9.5,6.3,7.5,9.5,8.1,1.0
RA-8842024,2026-03-06 11:33:59.499006+00:00,8.03450303,8,10.0,8.8,6.3,7.5,8.8,8.2,1.0
RA-12822024,2026-03-06 11:33:59.499006+00:00,7.876927273,9,9.5,8.1,6.3,7.5,9.3,7.9,1.0
RA-8892024,2026-03-06 11:33:59.499006+00:00,8.191290909,9,8.5,9.3,6.3,7.5,9.8,8.3,1.0
RA-8672024,2026-03-06 11:33:59.499006+00:00,7.583018182,9,9.0,7.4,7.5,7.5,8.5,7.5,1.0
RA-12832024,2026-03-06 11:33:59.499006+00:00,8.303353846,10,10.0,9.2,7.5,7.5,9.0,8.3,1.0
RA-8912024,2026-03-06 11:33:59.499006+00:00,8.035957576,10,10.0,9.0,6.3,7.5,8.8,8.0,1.0
RA-12842024,2026-03-06 11:33:59.499006+00:00,8.380015217,8,9.0,9.3,2.5,7.8,10.0,7.9,0.0
RA-10122024,2026-03-06 11:33:59.499006+00:00,8.057128571,9,9.5,9.5,2.5,8.1,9.8,8.4,1.0
RA-12852024,2026-03-06 11:33:59.499006+00:00,8.156578882,7,10.0,8.8,2.5,7.5,8.0,8.9,0.0
RA-12862024,2026-03-06 11:33:59.499006+00:00,5.914801967,7,8.0,5.1,2.5,5.3,7.0,4.6,0.0
RA-12872024,2026-03-06 11:33:59.499006+00:00,7.619650311,8,10.0,9.3,2.5,8.1,7.8,8.2,1.0
RA-12882024,2026-03-06 11:33:59.499006+00:00,7.920889959,7,9.0,8.0,2.5,7.2,10.0,7.3,0.0
RA-12892024,2026-03-06 11:33:59.499006+00:00,7.217172222,10,7.0,9.4,7.5,5.9,7.8,6.2,1.0
RA-12902024,2026-03-06 11:33:59.499006+00:00,8.4072,9,10.0,10.0,7.5,7.5,8.8,8.3,1.0
RA-12912024,2026-03-06 11:33:59.499006+00:00,8.0792,9,9.5,9.5,7.5,7.5,8.3,7.9,1.0
RA-8852024,2026-03-06 11:33:59.499006+00:00,8.2072,9,8.5,10.0,7.5,7.5,8.5,8.3,1.0
RA-12922024,2026-03-06 11:33:59.499006+00:00,6.903162121,9,7.5,4.8,7.5,7.2,8.3,7.9,1.0
RA-12932024,2026-03-06 11:33:59.499006+00:00,8.005023232,9,8.0,9.5,7.5,6.9,8.5,8.3,1.0
RA-8882024,2026-03-06 11:33:59.499006+00:00,8.1942,8,9.0,10.0,6.9,7.5,8.5,8.3,1.0
RA-12942024,2026-03-06 11:33:59.499006+00:00,7.949366667,10,9.5,10.0,7.5,6.9,7.8,7.6,1.0
RA-10092024,2026-03-06 11:33:59.499006+00:00,6.395389394,9,8.0,6.9,2.5,6.6,7.5,6.6,1.0
RA-10132024,2026-03-06 11:33:59.499006+00:00,5.783955981,8,9.0,5.7,2.5,5.0,7.8,4.7,1.0
RA-12952024,2026-03-06 11:33:59.499006+00:00,8.061745455,8,10.0,9.5,2.5,7.5,7.5,8.3,0.0
RA-12962024,2026-03-06 11:33:59.499006+00:00,7.057422222,9,9.0,8.4,2.5,7.5,6.5,8.3,1.0
RA-8632024,2026-03-06 11:33:59.499006+00:00,4.668434848,8,8.5,3.2,2.5,4.7,5.5,4.3,1.0
RA-12972024,2026-03-06 11:33:59.499006+00:00,7.620247619,8,9.5,9.8,2.5,7.5,9.3,6.8,1.0
RA-10142024,2026-03-06 11:33:59.499006+00:00,6.315972727,8,8.5,7.9,2.5,6.9,5.3,7.0,1.0
RA-8802024,2026-03-06 11:33:59.499006+00:00,6.853080435,8,9.5,8.4,2.5,7.2,6.5,7.2,1.0
RA-8862024,2026-03-06 11:33:59.499006+00:00,8.4192,8,9.5,10.0,8.1,7.5,8.8,8.3,1.0
RA-12982024,2026-03-06 11:33:59.499006+00:00,7.577287995,8,9.5,6.6,7.5,7.2,6.8,7.4,0.0
RA-12992024,2026-03-06 11:33:59.499006+00:00,7.069727778,10,8.5,7.6,7.5,7.2,6.5,7.1,1.0
RA-9042024,2026-03-06 11:33:59.499006+00:00,7.6352,8,9.5,8.8,7.5,7.5,6.0,8.7,1.0
RA-13002024,2026-03-06 11:33:59.499006+00:00,7.623866667,8,8.5,8.8,2.5,7.5,9.0,8.6,1.0
RA-13012024,2026-03-06 11:33:59.499006+00:00,5.634533333,8,9.5,2.9,2.5,7.5,7.0,6.0,1.0
RA-13022024,2026-03-06 11:33:59.499006+00:00,5.758866667,8,10.0,5.4,2.5,6.3,4.0,5.0,0.0
RA-13032024,2026-03-06 11:33:59.499006+00:00,8.8352,8,10.0,10.0,2.5,7.5,10.0,9.2,0.0
RA-13042024,2026-03-06 11:33:59.499006+00:00,7.085119935,10,9.0,8.0,8.1,7.8,6.0,6.5,1.0
RA-13052024,2026-03-06 11:33:59.499006+00:00,6.68522193,10,8.5,8.7,2.5,7.8,4.8,8.1,1.0
RA-13062024,2026-03-06 11:33:59.499006+00:00,8.503033333,8,9.0,10.0,8.1,7.5,9.8,7.9,1.0
RA-7022024,2026-03-06 11:33:59.499006+00:00,7.665116667,10,9.0,9.8,2.5,7.8,9.3,7.2,1.0
RA-7252024,2026-03-06 11:33:59.499006+00:00,7.090077193,10,7.5,7.7,7.5,7.5,7.3,6.8,1.0
RA-9122024,2026-03-06 11:33:59.499006+00:00,7.697103509,10,9.0,9.5,7.5,8.1,7.3,6.9,1.0
RA-9182024,2026-03-06 11:33:59.499006+00:00,5.657357018,8,7.9,8.7,2.5,5.9,2.8,6.2,1.0
RA-9202024,2026-03-06 11:33:59.499006+00:00,7.74949386,9,9.5,7.7,7.5,7.2,8.3,8.2,1.0
RA-13072024,2026-03-06 11:33:59.499006+00:00,6.594033333,8,10.0,5.8,6.3,6.3,5.5,5.4,0.0
RA-13082024,2026-03-06 11:33:59.499006+00:00,6.876997101,9,10.0,7.4,7.5,7.5,6.0,5.9,1.0
RA-13092024,2026-03-06 11:33:59.499006+00:00,8.3792,7,9.0,9.2,7.5,7.5,7.5,8.2,0.0
RA-13102024,2026-03-06 11:33:59.499006+00:00,8.390783333,7,8.5,9.4,2.5,7.8,10.0,8.2,0.0
RA-13112024,2026-03-06 11:33:59.499006+00:00,6.411866667,8,9.0,9.2,2.5,7.5,0.0,8.4,0.0
RA-13122024,2026-03-06 11:33:59.499006+00:00,7.5102,9,10.0,8.3,7.5,6.3,6.5,8.3,1.0
RA-13132024,2026-03-06 11:33:59.499006+00:00,8.015533333,8,9.5,8.1,7.5,7.5,6.3,8.4,0.0
RA-13142024,2026-03-06 11:33:59.499006+00:00,8.2398,7,7.4,8.5,7.5,7.5,9.0,7.4,0.0
RA-13152024,2026-03-06 11:33:59.499006+00:00,8.351066667,7,6.8,8.3,7.5,7.5,9.0,8.5,0.0
RA-9212024,2026-03-06 11:33:59.499006+00:00,7.283820321,8,8.5,8.7,7.5,7.5,6.0,7.5,1.0
RA-13162024,2026-03-06 11:33:59.499006+00:00,7.59291123,9,9.0,8.2,7.5,7.5,7.8,7.5,1.0
RA-13172024,2026-03-06 11:33:59.499006+00:00,7.665638503,9,7.5,7.1,7.5,7.5,10.0,7.5,1.0
RA-8972024,2026-03-06 11:33:59.499006+00:00,5.221205051,10,7.0,2.8,2.5,6.9,6.0,6.7,1.0
RA-9082024,2026-03-06 11:33:59.499006+00:00,6.764292246,9,8.5,8.1,7.5,7.2,4.8,6.8,1.0
RA-9162024,2026-03-06 11:33:59.499006+00:00,5.505853162,10,8.5,7.3,2.5,6.6,2.8,6.2,1.0
RA-9242024,2026-03-06 11:33:59.499006+00:00,6.472736096,9,7.0,4.6,7.5,7.2,7.0,7.4,1.0
RA-9252024,2026-03-06 11:33:59.499006+00:00,6.587019519,8,8.0,7.0,7.5,7.2,4.8,7.3,1.0
RA-10082024,2026-03-06 11:33:59.499006+00:00,6.866741444,9,7.0,6.5,7.5,7.2,7.0,7.5,1.0
RA-9192024,2026-03-06 11:33:59.499006+00:00,5.799702674,10,7.0,4.7,6.3,6.9,5.3,6.5,1.0
RA-13182024,2026-03-06 11:33:59.499006+00:00,6.823383155,8,8.5,7.7,7.5,7.2,5.0,7.3,1.0
RA-10032024,2026-03-06 11:33:59.499006+00:00,7.627588889,9,8.0,8.7,7.5,6.9,8.3,7.5,1.0
RA-10042024,2026-03-06 11:33:59.499006+00:00,7.8012,9,9.5,9.3,7.5,7.5,7.5,7.5,1.0
RA-10062024,2026-03-06 11:33:59.499006+00:00,7.040088889,9,8.5,8.4,7.5,7.5,5.0,7.5,1.0
RA-13192024,2026-03-06 11:33:59.499006+00:00,7.201526797,9,8.5,5.8,7.5,7.5,8.5,7.5,1.0
RA-8582024,2026-03-06 11:33:59.499006+00:00,6.917866667,9,9.0,6.8,2.5,7.5,8.3,7.5,1.0
RA-9052024,2026-03-06 11:33:59.499006+00:00,6.392582353,10,9.0,7.8,7.5,6.9,3.0,7.0,1.0
RA-9072024,2026-03-06 11:33:59.499006+00:00,7.940088889,9,9.0,8.9,7.5,7.5,8.8,7.5,1.0
RA-13202024,2026-03-06 11:33:59.499006+00:00,7.884533333,10,9.0,9.2,7.5,7.5,8.3,7.5,1.0
RA-9092024,2026-03-06 11:33:59.499006+00:00,7.722033333,11,10.0,8.2,7.5,6.9,8.3,7.5,1.0
RA-7292024,2026-03-06 11:33:59.499006+00:00,6.684533333,10,8.0,8.4,2.5,7.5,6.0,7.5,1.0
RA-13212024,2026-03-06 11:33:59.499006+00:00,7.95295,7,9.0,8.9,6.9,6.6,8.8,5.9,0.0
RA-13222024,2026-03-06 11:33:59.499006+00:00,8.47795,8,9.5,9.0,7.5,8.4,7.5,8.2,0.0
RA-13232024,2026-03-06 11:33:59.499006+00:00,7.487366667,9,10.0,9.1,7.5,6.9,7.0,6.7,1.0
RA-13242024,2026-03-06 11:33:59.499006+00:00,8.33245,9,10.0,10.0,7.5,7.8,8.5,8.0,1.0
RA-9312024,2026-03-06 11:33:59.499006+00:00,7.075466667,9,7.9,8.6,2.5,7.5,8.5,6.8,1.0
RA-13252024,2026-03-06 11:33:59.499006+00:00,8.982495455,8,9.0,9.5,7.5,8.4,10.0,7.9,0.0
RA-13262024,2026-03-06 11:33:59.499006+00:00,7.639783333,8,9.0,9.3,7.5,7.8,4.5,7.2,0.0
RA-13272024,2026-03-06 11:33:59.499006+00:00,8.264116667,7,9.0,9.3,7.5,7.8,7.5,7.3,0.0
RA-13282024,2026-03-06 11:33:59.499006+00:00,8.058866667,8,8.5,8.2,7.5,7.5,10.0,7.8,1.0
RA-13292024,2026-03-06 11:33:59.499006+00:00,7.98945,8,9.5,10.0,7.5,6.6,6.5,6.7,0.0
RA-13302024,2026-03-06 11:33:59.499006+00:00,8.944616667,8,10.0,9.3,7.5,8.4,9.5,7.9,0.0
RA-13312024,2026-03-06 11:33:59.499006+00:00,7.852283333,7,9.0,7.3,7.5,8.4,7.3,7.2,0.0
RA-9442024,2026-03-06 11:33:59.499006+00:00,7.8262,10,9.0,7.3,7.5,8.8,9.0,7.8,1.0
RA-13322024,2026-03-06 11:33:59.499006+00:00,8.104052941,10,8.5,9.4,7.5,9.4,8.3,7.7,1.0
RA-7542024,2026-03-06 11:33:59.499006+00:00,5.6127,11,8.5,6.3,5.6,2.5,6.3,4.8,1.0
RA-13332024,2026-03-06 11:33:59.499006+00:00,8.2132,9,7.5,10.0,6.3,9.4,9.3,7.8,1.0
RA-9342024,2026-03-06 11:33:59.499006+00:00,8.3387,9,9.5,9.8,7.5,9.4,8.5,7.8,1.0
RA-13342024,2026-03-06 11:33:59.499006+00:00,8.3502,9,10.0,10.0,5.6,9.4,9.0,7.8,1.0
RA-9412024,2026-03-06 11:33:59.499006+00:00,7.7467,9,8.0,9.3,5.0,8.1,8.8,7.7,1.0
RA-7562024,2026-03-06 11:33:59.499006+00:00,7.3617,11,10.0,8.8,7.5,8.1,5.5,7.2,1.0
RA-13352024,2026-03-06 11:33:59.499006+00:00,8.3217,10,9.0,9.8,7.5,9.4,8.8,7.7,1.0
RA-7732024,2026-03-06 11:33:59.499006+00:00,6.5662,10,10.0,8.8,2.5,7.5,5.0,6.6,1.0
RA-9382024,2026-03-06 11:33:59.499006+00:00,8.005602692,10,9.5,9.5,7.5,8.1,7.8,7.7,1.0
RA-13362024,2026-03-06 11:33:59.499006+00:00,7.141365632,8,9.5,6.2,2.5,7.5,9.5,7.8,1.0
RA-13372024,2026-03-06 11:33:59.499006+00:00,6.015144444,10,8.0,4.7,7.5,6.9,6.0,5.7,1.0
RA-13382024,2026-03-06 11:33:59.499006+00:00,6.136842857,8,8.0,8.7,7.5,6.9,3.0,5.3,1.0
RA-13392024,2026-03-06 11:33:59.499006+00:00,7.3547,8,8.5,10.0,6.9,5.0,8.8,5.3,1.0
RA-13402024,2026-03-06 11:33:59.499006+00:00,8.342271429,8,9.5,8.4,7.5,5.6,10.0,7.0,0.0
RA-13412024,2026-03-06 11:33:59.499006+00:00,7.862906349,9,10.0,9.2,7.5,5.6,10.0,6.0,1.0
RA-9472024,2026-03-06 11:33:59.499006+00:00,6.053509524,9,9.0,7.6,7.5,5.6,4.5,4.6,1.0
RA-13422024,2026-03-06 11:33:59.499006+00:00,7.818580952,8,9.5,9.8,7.5,7.5,9.0,5.6,1.0
RA-13432024,2026-03-06 11:33:59.499006+00:00,8.8262,7,8.0,10.0,7.5,6.3,9.8,8.5,0.0
RA-13442024,2026-03-06 11:33:59.499006+00:00,9.3612,8,8.5,10.0,7.5,8.8,10.0,9.4,0.0
RA-9452024,2026-03-06 11:33:59.499006+00:00,7.419580952,9,9.0,9.5,2.5,7.5,8.8,6.8,1.0
RA-9462024,2026-03-06 11:33:59.499006+00:00,6.67772381,8,9.5,8.8,2.5,7.5,4.5,7.8,1.0
RA-13452024,2026-03-06 11:33:59.499006+00:00,7.234012866,9,8.5,9.5,7.5,6.3,6.3,6.8,1.0
RA-7712024,2026-03-06 11:33:59.499006+00:00,6.066009524,9,8.5,6.6,3.1,5.6,6.5,6.1,1.0
RA-13462024,2026-03-06 11:33:59.499006+00:00,7.370104762,8,9.5,8.1,7.5,6.3,5.5,6.7,0.0
RA-13472024,2026-03-06 11:33:59.499006+00:00,6.153842857,9,8.5,8.8,2.5,5.6,5.0,6.2,1.0
RA-9492024,2026-03-06 11:33:59.499006+00:00,7.132342857,9,9.0,8.8,7.5,6.3,6.5,6.5,1.0
RA-9502024,2026-03-06 11:33:59.499006+00:00,7.693461905,9,9.5,9.0,7.5,6.9,7.0,8.0,1.0
RA-9512024,2026-03-06 11:33:59.499006+00:00,6.448342857,8,10.0,9.0,2.5,6.3,4.0,7.3,1.0
RA-10022024,2026-03-06 11:33:59.499006+00:00,7.967866667,10,9.0,7.8,7.5,7.5,9.3,8.3,1.0
RA-7742024,2026-03-06 11:33:59.499006+00:00,5.685771429,10,10.0,6.4,2.5,6.3,3.8,6.4,1.0
RA-7492024,2026-03-06 11:33:59.499006+00:00,8.337318421,10,9.5,9.7,8.1,8.4,8.8,7.7,1.0
RA-9292024,2026-03-06 11:33:59.499006+00:00,7.724436842,9,9.0,9.5,7.5,8.1,6.8,7.6,1.0
RA-9302024,2026-03-06 11:33:59.499006+00:00,7.929818421,9,8.5,9.7,7.5,7.8,8.0,7.5,1.0
RA-7872024,2026-03-06 11:33:59.499006+00:00,7.73495,10,9.0,9.8,7.5,7.2,7.3,7.3,1.0
RA-13482024,2026-03-06 11:33:59.499006+00:00,7.960466254,8,7.5,8.6,7.5,8.8,9.0,7.8,1.0
RA-9352024,2026-03-06 11:33:59.499006+00:00,8.3422,10,9.5,10.0,7.5,8.8,8.5,7.8,1.0
RA-13492024,2026-03-06 11:33:59.499006+00:00,7.855727778,10,8.0,8.4,7.5,8.4,8.5,7.9,1.0
RA-9372024,2026-03-06 11:33:59.499006+00:00,8.3792,9,10.0,10.0,9.4,8.8,7.5,7.8,1.0
RA-13502024,2026-03-06 11:33:59.499006+00:00,8.33545,10,8.5,10.0,8.8,8.4,8.5,7.8,1.0
RA-13512024,2026-03-06 11:33:59.499006+00:00,8.186103846,9,9.0,9.2,8.1,8.4,8.8,7.7,1.0
RA-9592024,2026-03-06 11:33:59.499006+00:00,8.379818421,9,10.0,9.7,7.5,7.8,9.5,7.5,1.0
RA-13522024,2026-03-06 11:33:59.499006+00:00,8.28995,9,10.0,9.5,8.1,8.4,8.5,7.7,1.0
RA-13532024,2026-03-06 11:33:59.499006+00:00,6.4547,10,8.0,9.5,7.5,6.9,3.0,6.1,1.0
RA-13542024,2026-03-06 11:33:59.499006+00:00,7.353427273,10,9.5,8.4,7.5,8.1,6.0,7.3,1.0
RA-9792024,2026-03-06 11:33:59.499006+00:00,8.035245455,9,9.5,9.5,7.5,8.1,8.3,7.3,1.0
RA-13552024,2026-03-06 11:33:59.499006+00:00,7.202245455,10,10.0,6.5,7.5,8.1,7.0,7.2,1.0
RA-9712024,2026-03-06 11:33:59.499006+00:00,6.891618182,9,7.4,7.9,7.5,7.5,6.8,6.1,1.0
RA-9722024,2026-03-06 11:33:59.499006+00:00,7.537472727,9,9.5,8.4,7.5,8.8,6.8,7.2,1.0
RA-9652024,2026-03-06 11:33:59.499006+00:00,6.137654546,10,9.0,6.5,7.5,8.8,2.3,6.8,1.0
RA-9732024,2026-03-06 11:33:59.499006+00:00,6.931836364,10,10.0,9.3,7.5,7.5,3.8,6.6,1.0
RA-13562024,2026-03-06 11:33:59.499006+00:00,7.869588889,8,9.0,9.4,7.5,8.1,5.5,7.1,0.0
RA-9662024,2026-03-06 11:33:59.499006+00:00,7.994336364,10,9.5,8.6,7.5,8.1,9.0,7.3,1.0
RA-13572024,2026-03-06 11:33:59.499006+00:00,7.1807,9,8.0,7.5,7.5,8.1,6.8,7.3,1.0
RA-9692024,2026-03-06 11:33:59.499006+00:00,7.453427273,9,9.0,7.9,7.5,8.1,7.3,7.3,1.0
RA-13582024,2026-03-06 11:33:59.499006+00:00,6.552990476,7,9.2,7.4,5.0,6.3,4.0,6.2,0.0
RA-13592024,2026-03-06 11:33:59.499006+00:00,7.2102,7,8.5,9.0,5.6,5.6,6.0,6.2,0.0
RA-13602024,2026-03-06 11:33:59.499006+00:00,6.848062319,8,8.5,7.0,7.5,5.6,5.0,6.4,0.0
RA-13612024,2026-03-06 11:33:59.499006+00:00,8.7387,8,9.5,9.4,5.6,7.5,10.0,8.0,0.0
RA-9752024,2026-03-06 11:33:59.499006+00:00,7.146366667,8,8.5,7.7,5.0,6.9,8.0,7.3,1.0
RA-13622024,2026-03-06 11:33:59.499006+00:00,7.7092,7,10.0,6.9,5.6,6.9,8.5,6.9,0.0
RA-9772024,2026-03-06 11:33:59.499006+00:00,7.188033333,8,10.0,7.3,6.3,6.9,7.0,7.6,1.0
RA-13632024,2026-03-06 11:33:59.499006+00:00,7.6908,7,7.4,10.0,5.6,6.9,6.5,7.0,0.0
RA-9812024,2026-03-06 11:33:59.499006+00:00,6.651373913,8,9.0,7.0,6.3,6.3,6.0,7.0,1.0
RA-13642024,2026-03-06 11:33:59.499006+00:00,7.570033333,9,8.0,8.4,7.5,6.9,8.8,7.0,1.0
RA-13652024,2026-03-06 11:33:59.499006+00:00,7.370033333,9,9.0,9.8,6.3,6.9,6.5,7.0,1.0
RA-13662024,2026-03-06 11:33:59.499006+00:00,6.919852174,8,9.0,6.6,7.5,7.5,6.5,7.0,1.0
RA-9742024,2026-03-06 11:33:59.499006+00:00,7.607721739,8,9.5,9.3,7.5,7.5,6.5,7.5,1.0
RA-13672024,2026-03-06 11:33:59.499006+00:00,8.427286957,8,10.0,8.4,7.5,7.5,8.8,7.5,0.0
RA-13682024,2026-03-06 11:33:59.499006+00:00,8.6012,8,7.0,10.0,7.5,7.5,9.5,7.5,0.0
RA-13692024,2026-03-06 11:33:59.499006+00:00,8.052286957,7,8.5,8.6,6.3,7.5,8.0,7.5,0.0
RA-9782024,2026-03-06 11:33:59.499006+00:00,7.4637,8,9.5,9.5,6.3,6.9,6.5,7.5,1.0
RA-13702024,2026-03-06 11:33:59.499006+00:00,8.045644444,9,10.0,8.7,7.5,7.5,9.0,7.5,1.0
RA-13712024,2026-03-06 11:33:59.499006+00:00,6.484352174,11,7.5,7.0,7.5,6.9,4.5,7.5,1.0
RA-13722024,2026-03-06 11:33:59.499006+00:00,7.9632,8,9.5,10.0,8.1,7.5,4.8,7.5,0.0
RA-13732024,2026-03-06 11:33:59.499006+00:00,7.577286957,9,9.5,8.9,7.5,7.5,6.8,7.5,1.0
RA-13742024,2026-03-06 11:33:59.499006+00:00,7.370765217,9,9.5,9.3,7.5,7.5,5.3,7.5,1.0
RA-13752024,2026-03-06 11:33:59.499006+00:00,8.1012,9,9.5,10.0,7.5,7.5,8.3,7.5,1.0
RA-13762024,2026-03-06 11:33:59.499006+00:00,8.274276923,9,9.0,9.6,7.5,7.5,9.8,7.5,1.0
RA-9942024,2026-03-06 11:33:59.499006+00:00,7.798221739,9,9.0,9.5,6.9,6.9,8.3,7.3,1.0
RA-13772024,2026-03-06 11:33:59.499006+00:00,7.8987,8,9.0,10.0,8.1,6.9,5.5,7.0,0.0
RA-13782024,2026-03-06 11:33:59.499006+00:00,7.670342857,10,9.0,9.3,8.1,7.5,6.8,7.5,1.0
RA-13792024,2026-03-06 11:33:59.499006+00:00,6.638292105,8,9.5,8.7,3.8,5.9,7.3,5.2,1.0
RA-13802024,2026-03-06 11:33:59.499006+00:00,7.964342231,8,9.5,8.8,4.4,7.2,8.0,7.5,0.0
RA-7702024,2026-03-06 11:33:59.499006+00:00,7.305711278,9,10.0,9.0,7.5,7.5,5.0,7.5,1.0
RA-13812024,2026-03-06 11:33:59.499006+00:00,9.0382,8,9.5,10.0,8.1,8.8,9.5,7.5,0.0
RA-13822024,2026-03-06 11:33:59.499006+00:00,7.834830952,9,8.5,9.8,7.5,7.8,7.5,7.5,1.0
RA-13832024,2026-03-06 11:33:59.499006+00:00,8.372080326,8,8.5,9.3,7.5,7.2,8.5,7.5,0.0
RA-13842024,2026-03-06 11:33:59.499006+00:00,6.221984461,10,8.0,7.6,7.5,6.3,5.0,5.2,1.0
RA-13852024,2026-03-06 11:33:59.499006+00:00,7.7262,8,10.0,10.0,4.4,6.9,8.0,7.5,1.0
RA-13862024,2026-03-06 11:33:59.499006+00:00,7.803580952,8,9.0,9.8,7.5,7.5,7.3,7.5,1.0
RA-13872024,2026-03-06 11:33:59.499006+00:00,7.803079699,8,9.5,8.8,7.5,7.5,8.0,7.5,1.0
RA-13882024,2026-03-06 11:33:59.499006+00:00,7.015057143,8,9.0,8.2,6.9,7.5,5.0,7.7,1.0
RA-13892024,2026-03-06 11:33:59.499006+00:00,8.980533333,7,9.0,9.8,6.9,7.5,10.0,8.4,0.0
RA-13902024,2026-03-06 11:33:59.499006+00:00,8.493033333,7,9.5,9.8,5.0,7.5,8.3,8.4,0.0
RA-13912024,2026-03-06 11:33:59.499006+00:00,8.843533333,7,8.5,9.3,7.5,7.5,10.0,8.2,0.0
RA-13922024,2026-03-06 11:33:59.499006+00:00,5.4262,9,9.0,5.6,7.5,7.5,0.0,7.0,1.0
RA-13932024,2026-03-06 11:33:59.499006+00:00,7.2597,7,9.5,7.5,3.8,7.5,5.0,8.4,0.0
RA-9902024,2026-03-06 11:33:59.499006+00:00,7.812283333,10,9.5,7.5,7.5,8.4,8.0,8.3,1.0
RA-13942024,2026-03-06 11:33:59.499006+00:00,7.503255556,10,9.5,8.7,7.5,8.1,5.8,8.0,1.0
RA-9912024,2026-03-06 11:33:59.499006+00:00,7.057230303,10,9.0,8.2,6.3,7.5,6.5,6.7,1.0
RA-10182024,2026-03-06 11:33:59.499006+00:00,7.705404545,10,8.5,7.7,6.3,8.4,8.3,8.5,1.0
RA-13952024,2026-03-06 11:33:59.499006+00:00,8.599783333,9,9.5,10.0,7.5,7.8,7.8,7.8,0.0
RA-13962024,2026-03-06 11:33:59.499006+00:00,7.8477,11,9.5,10.0,7.5,8.1,6.5,7.7,1.0
RA-10252024,2026-03-06 11:33:59.499006+00:00,7.897071212,10,9.0,7.7,7.5,8.4,9.0,7.8,1.0
RA-10192024,2026-03-06 11:33:59.499006+00:00,8.692255195,9,9.5,9.3,6.3,7.8,8.8,8.6,0.0
RA-8792024,2026-03-06 11:33:59.499006+00:00,8.109631818,10,9.5,9.1,6.3,7.8,8.5,8.7,1.0
RA-10202024,2026-03-06 11:33:59.499006+00:00,8.954495455,10,9.0,9.8,6.9,8.4,9.0,8.8,0.0
RA-10212024,2026-03-06 11:33:59.499006+00:00,8.098586364,10,9.5,9.3,7.5,8.4,8.0,8.0,1.0
RA-10222024,2026-03-06 11:33:59.499006+00:00,7.613169697,10,9.5,9.3,6.3,7.5,6.5,8.1,1.0
RA-13972024,2026-03-06 11:33:59.499006+00:00,7.828033333,10,9.0,10.0,6.3,8.1,7.0,7.9,1.0
RA-6992024,2026-03-06 11:33:59.499006+00:00,6.427771212,11,6.3,7.7,6.3,6.6,6.5,5.8,1.0
RA-13982024,2026-03-06 11:33:59.499006+00:00,7.989700527,11,6.9,9.6,7.5,8.1,8.0,8.6,1.0
RA-8712024,2026-03-06 11:33:59.499006+00:00,7.291729315,10,8.5,9.3,4.4,5.3,7.3,5.8,0.0
RA-13992024,2026-03-06 11:33:59.499006+00:00,7.438578788,11,9.0,9.8,5.0,7.5,6.0,8.2,1.0
RA-8732024,2026-03-06 11:33:59.499006+00:00,7.61095,12,8.0,10.0,6.9,7.2,6.8,7.8,1.0
RA-8982024,2026-03-06 11:33:59.499006+00:00,7.866133333,10,6.4,10.0,7.5,7.5,7.5,8.6,1.0
RA-7502024,2026-03-06 11:33:59.499006+00:00,4.542230369,12,6.2,5.9,4.4,4.1,3.8,3.2,1.0
RA-8992024,2026-03-06 11:33:59.499006+00:00,8.425024769,9,10.0,9.1,5.6,8.1,8.3,7.9,0.0
RA-8782024,2026-03-06 11:33:59.499006+00:00,6.533556061,11,9.0,6.1,4.4,7.2,6.8,7.0,1.0
RA-8932024,2026-03-06 11:33:59.499006+00:00,8.891033333,10,9.0,10.0,7.5,8.1,9.3,7.9,0.0
RA-10242024,2026-03-06 11:33:59.499006+00:00,8.651616667,11,8.0,10.0,7.5,8.4,10.0,8.8,1.0
RA-9002024,2026-03-06 11:33:59.499006+00:00,8.80200303,9,9.0,9.3,8.1,8.1,8.5,8.6,0.0
RA-9032024,2026-03-06 11:33:59.499006+00:00,8.075828788,9,10.0,9.8,7.5,7.8,5.0,7.9,0.0
RA-14002024,2026-03-06 11:33:59.499006+00:00,7.622839526,9,8.4,6.7,7.5,7.5,7.3,7.5,0.0
RA-8512024,2026-03-06 11:33:59.499006+00:00,6.211460211,10,9.0,7.3,5.6,5.6,6.0,5.1,1.0
RA-10282024,2026-03-06 11:33:59.499006+00:00,7.14043386,12,8.0,7.1,5.6,6.9,7.5,8.4,1.0
RA-9222024,2026-03-06 11:33:59.499006+00:00,8.520995455,9,9.0,9.5,7.5,7.8,7.8,8.2,0.0
RA-6842024,2026-03-06 11:33:59.499006+00:00,7.769381818,9,10.0,9.1,7.5,7.5,4.3,8.0,0.0
RA-10312024,2026-03-06 11:33:59.499006+00:00,6.875722727,11,9.5,8.6,7.5,5.3,6.3,5.8,1.0
RA-8922024,2026-03-06 11:33:59.499006+00:00,8.6977,9,8.0,10.0,7.5,8.1,8.8,7.9,0.0
RA-10292024,2026-03-06 11:33:59.499006+00:00,7.797790909,10,9.0,8.8,6.9,7.5,8.8,7.3,1.0
RA-10322024,2026-03-06 11:33:59.499006+00:00,8.01645,11,8.5,9.8,7.5,7.8,8.0,7.9,1.0
RA-8942024,2026-03-06 11:33:59.499006+00:00,8.67895,10,10.0,10.0,7.5,8.4,9.5,8.4,1.0
RA-14012024,2026-03-06 11:33:59.499006+00:00,8.118827778,13,6.9,8.9,7.5,7.8,10.0,8.1,1.0
RA-8962024,2026-03-06 11:33:59.499006+00:00,8.285245455,8,8.5,9.8,7.5,8.1,6.5,8.1,0.0
RA-6932024,2026-03-06 11:33:59.499006+00:00,8.907995455,9,10.0,9.5,9.4,7.8,8.0,8.4,0.0
RA-7432024,2026-03-06 11:33:59.499006+00:00,7.655745455,11,9.0,9.3,7.5,7.5,7.0,7.5,1.0
RA-6812024,2026-03-06 11:33:59.499006+00:00,6.039881818,11,9.5,7.8,6.3,5.6,2.5,6.7,1.0
RA-10352024,2026-03-06 11:33:59.499006+00:00,7.833495455,10,9.5,9.0,7.5,8.4,7.0,7.9,1.0
RA-8502024,2026-03-06 11:33:59.499006+00:00,7.864245455,10,10.0,9.3,6.3,7.5,7.8,7.9,1.0
RA-14022024,2026-03-06 11:33:59.499006+00:00,8.588040909,10,10.0,9.5,7.5,8.4,7.3,8.2,0.0
RA-14032024,2026-03-06 11:33:59.499006+00:00,8.257421862,11,9.0,9.3,7.5,8.4,8.8,8.3,1.0
RA-14042024,2026-03-06 11:33:59.499006+00:00,8.397131818,9,8.5,9.1,7.5,8.4,7.5,8.2,0.0
RA-9232024,2026-03-06 11:33:59.499006+00:00,7.688609091,9,8.0,8.0,7.5,8.1,5.5,8.2,0.0
RA-8472024,2026-03-06 11:33:59.499006+00:00,5.009290909,11,9.0,4.5,5.0,7.5,1.0,6.2,1.0
RA-14052024,2026-03-06 11:33:59.499006+00:00,8.474972727,10,8.0,8.6,7.5,8.1,8.8,8.2,0.0
RA-14062024,2026-03-06 11:33:59.499006+00:00,7.818677273,10,8.0,8.9,7.5,8.4,7.5,8.3,1.0
RA-14072024,2026-03-06 11:33:59.499006+00:00,7.546086364,10,10.0,9.3,7.5,7.8,5.8,7.5,1.0
RA-14082024,2026-03-06 11:33:59.499006+00:00,7.626768182,11,10.0,8.4,7.5,8.4,6.8,7.5,1.0
RA-14092024,2026-03-06 11:33:59.499006+00:00,7.863131818,10,10.0,9.1,7.5,8.4,7.3,7.5,1.0
RA-14102024,2026-03-06 11:33:59.499006+00:00,7.531927273,11,9.0,8.1,7.5,8.8,6.3,8.2,1.0
RA-8742024,2026-03-06 11:33:59.499006+00:00,7.023593939,10,9.5,4.7,6.3,8.8,7.8,7.9,1.0
RA-14112024,2026-03-06 11:33:59.499006+00:00,6.88695,11,9.0,9.5,6.3,8.4,2.8,7.8,1.0
RA-14122024,2026-03-06 11:33:59.499006+00:00,9.204671862,10,10.0,9.3,7.5,8.8,9.8,8.8,0.0
RA-6902024,2026-03-06 11:33:59.499006+00:00,7.385368182,11,7.9,8.4,7.5,8.4,6.3,7.8,1.0
RA-14132024,2026-03-06 11:33:59.499006+00:00,7.747564719,12,9.0,8.6,7.5,8.4,7.3,7.9,1.0
RA-14142024,2026-03-06 11:33:59.499006+00:00,8.840007359,10,9.5,9.3,6.9,8.8,8.5,8.8,0.0
RA-9952024,2026-03-06 11:33:59.499006+00:00,5.110372078,12,10.0,5.4,5.6,7.2,2.0,4.3,1.0
RA-8532024,2026-03-06 11:33:59.499006+00:00,7.986866667,10,8.5,9.6,6.3,8.3,6.3,7.6,0.0
RA-8542024,2026-03-06 11:33:59.499006+00:00,7.8262,9,9.5,10.0,6.3,5.8,7.0,6.3,0.0
RA-14152024,2026-03-06 11:33:59.499006+00:00,7.371245455,10,8.0,9.8,6.3,7.3,6.8,7.1,1.0
RA-8422024,2026-03-06 11:33:59.499006+00:00,7.072914756,10,8.5,7.5,6.3,6.9,7.5,7.0,1.0
RA-7002024,2026-03-06 11:33:59.499006+00:00,7.005745455,11,8.5,9.6,5.6,7.3,5.3,7.0,1.0
RA-14162024,2026-03-06 11:33:59.499006+00:00,7.37550303,12,8.5,8.3,7.5,7.9,7.8,6.4,1.0
RA-9112024,2026-03-06 11:33:59.499006+00:00,5.455245455,12,8.0,4.8,7.5,6.0,4.5,4.7,1.0
RA-8592024,2026-03-06 11:33:59.499006+00:00,8.581790909,9,8.0,9.3,7.5,9.0,8.0,8.3,0.0
RA-8602024,2026-03-06 11:33:59.499006+00:00,8.773866667,9,9.0,9.8,7.5,8.8,8.5,7.9,0.0
RA-7272024,2026-03-06 11:33:59.499006+00:00,8.44700303,10,10.0,8.5,6.3,8.1,8.5,8.1,0.0
RA-14172024,2026-03-06 11:33:59.499006+00:00,7.743624242,10,9.0,9.3,7.5,6.3,9.0,6.5,1.0
RA-9102024,2026-03-06 11:33:59.499006+00:00,8.116381818,9,8.5,8.7,7.5,7.9,7.5,7.4,0.0
RA-8402024,2026-03-06 11:33:59.499006+00:00,8.591290909,10,9.5,9.3,7.5,8.3,8.0,7.9,0.0
RA-9262024,2026-03-06 11:33:59.499006+00:00,7.783078788,10,9.0,9.8,7.5,8.3,7.0,7.2,1.0
RA-14182024,2026-03-06 11:33:59.499006+00:00,7.735290909,11,8.5,9.1,7.5,7.9,8.3,6.8,1.0
RA-9272024,2026-03-06 11:33:59.499006+00:00,7.992169697,10,8.0,9.3,7.5,8.3,6.5,7.2,0.0
RA-6722024,2026-03-06 11:33:59.499006+00:00,4.211813834,11,7.9,4.0,6.3,6.0,0.0,4.5,1.0
RA-10432024,2026-03-06 11:33:59.499006+00:00,7.539847563,11,10.0,8.0,7.5,7.3,8.3,6.6,1.0
RA-7382024,2026-03-06 11:33:59.499006+00:00,7.262698024,10,10.0,7.3,6.9,6.9,7.3,7.4,1.0
RA-14192024,2026-03-06 11:33:59.499006+00:00,8.7537,10,8.5,10.0,7.5,9.0,7.5,8.8,0.0
RA-7042024,2026-03-06 11:33:59.499006+00:00,6.812115679,12,7.5,8.6,5.6,6.5,6.5,6.6,1.0
RA-7052024,2026-03-06 11:33:59.499006+00:00,5.294247619,12,9.0,6.4,5.0,5.6,3.5,4.2,1.0
RA-8222024,2026-03-06 11:33:59.499006+00:00,5.264567852,12,0.0,4.6,5.0,6.7,6.8,6.6,1.0
RA-7402024,2026-03-06 11:33:59.499006+00:00,8.161100527,11,9.0,9.6,7.5,8.5,8.0,8.2,1.0
RA-7412024,2026-03-06 11:33:59.499006+00:00,5.079588537,12,8.4,5.3,5.0,5.8,3.8,4.2,1.0
RA-14202024,2026-03-06 11:33:59.499006+00:00,5.6558,12,7.9,5.5,6.3,6.5,4.5,5.4,1.0
RA-7092024,2026-03-06 11:33:59.499006+00:00,6.833780896,12,7.4,8.0,7.5,6.9,6.0,6.8,1.0
RA-14212024,2026-03-06 11:33:59.499006+00:00,7.126922222,11,9.0,6.8,7.5,6.9,7.5,7.2,1.0
RA-14222024,2026-03-06 11:33:59.499006+00:00,7.0132,11,9.5,7.5,7.5,8.1,4.8,7.7,1.0
RA-14232024,2026-03-06 11:33:59.499006+00:00,6.40345,11,8.5,5.3,7.5,7.8,5.8,6.5,1.0
RA-7332024,2026-03-06 11:33:59.499006+00:00,8.808825,10,10.0,10.0,7.5,8.9,9.3,9.1,1.0
RA-8362024,2026-03-06 11:33:59.499006+00:00,6.023453788,11,9.5,6.4,7.5,7.3,2.8,6.3,1.0
RA-14242024,2026-03-06 11:33:59.499006+00:00,7.554338889,12,9.0,8.9,7.5,7.8,7.3,6.9,1.0
RA-14252024,2026-03-06 11:33:59.499006+00:00,6.82909881,12,9.0,6.8,7.5,7.3,7.0,5.9,1.0
RA-14262024,2026-03-06 11:33:59.499006+00:00,5.836747619,11,9.5,5.8,7.5,7.5,2.8,5.8,1.0
RA-7162024,2026-03-06 11:33:59.499006+00:00,6.237294368,11,9.0,5.5,7.5,6.7,5.8,5.8,1.0
RA-10492024,2026-03-06 11:33:59.499006+00:00,6.821885606,11,9.5,8.0,7.5,7.7,4.5,6.7,1.0
RA-14272024,2026-03-06 11:33:59.499006+00:00,8.425325,11,9.5,10.0,7.5,8.9,8.0,8.7,1.0
RA-10522024,2026-03-06 11:33:59.499006+00:00,7.744032576,10,5.8,9.1,6.3,8.6,8.3,8.5,1.0
RA-7192024,2026-03-06 11:33:59.499006+00:00,7.11939697,12,10.0,7.3,7.5,7.5,6.5,6.7,1.0
RA-10552024,2026-03-06 11:33:59.499006+00:00,6.403040909,12,10.0,5.8,7.5,7.2,5.5,5.9,1.0
RA-7472024,2026-03-06 11:33:59.499006+00:00,5.845080952,12,10.0,8.1,5.0,7.1,2.3,5.3,1.0
RA-9282024,2026-03-06 11:33:59.499006+00:00,8.873366667,9,8.0,10.0,7.5,8.5,8.8,8.6,0.0
RA-7482024,2026-03-06 11:33:59.499006+00:00,8.2272,11,9.5,10.0,7.5,8.8,7.8,8.0,1.0
RA-7692024,2026-03-06 11:33:59.499006+00:00,7.099342857,11,10.0,6.0,7.5,7.9,6.0,8.3,1.0
RA-8762024,2026-03-06 11:33:59.499006+00:00,7.612057143,9,8.5,9.0,7.5,8.3,3.8,8.1,0.0
RA-7762024,2026-03-06 11:33:59.499006+00:00,5.178509524,11,7.9,6.0,5.6,8.3,0.0,6.5,1.0
RA-7532024,2026-03-06 11:33:59.499006+00:00,8.245057143,10,10.0,9.0,7.5,8.3,8.5,8.3,1.0
RA-6012024,2026-03-06 11:33:59.499006+00:00,8.5107,10,9.5,10.0,7.5,8.8,8.8,8.4,1.0
RA-9552024,2026-03-06 11:33:59.499006+00:00,6.245452381,11,0.0,6.9,7.5,8.1,5.8,8.3,1.0
RA-8312024,2026-03-06 11:33:59.499006+00:00,8.006628572,10,10.0,9.5,6.3,7.9,7.8,8.2,1.0
RA-10672024,2026-03-06 11:33:59.499006+00:00,7.840033333,11,10.0,8.3,7.5,8.5,6.8,8.6,1.0
RA-10582024,2026-03-06 11:33:59.499006+00:00,7.703347619,10,9.2,8.1,6.9,8.1,7.8,8.1,1.0
RA-7572024,2026-03-06 11:33:59.499006+00:00,7.938842857,11,9.5,9.3,7.5,8.1,7.0,8.3,1.0
RA-7942024,2026-03-06 11:33:59.499006+00:00,7.145652381,10,9.5,6.9,7.5,8.1,3.0,8.3,0.0
RA-9602024,2026-03-06 11:33:59.499006+00:00,5.286047619,11,0.0,8.1,7.5,7.5,3.0,5.3,1.0
RA-5872024,2026-03-06 11:33:59.499006+00:00,6.817057143,12,9.0,7.4,7.5,7.9,6.3,5.7,1.0
RA-8262024,2026-03-06 11:33:59.499006+00:00,7.9442,10,10.0,10.0,6.3,7.5,6.8,8.6,1.0
RA-7892024,2026-03-06 11:33:59.499006+00:00,8.044390476,9,9.0,9.0,7.5,9.2,5.3,8.1,0.0
RA-10562024,2026-03-06 11:33:59.499006+00:00,8.192009524,10,8.5,9.3,7.5,9.2,8.3,8.3,1.0
RA-14282024,2026-03-06 11:33:59.499006+00:00,8.006108497,10,8.5,8.9,7.5,9.2,8.0,8.1,1.0
RA-8302024,2026-03-06 11:33:59.499006+00:00,7.137342857,11,9.0,7.6,5.6,8.3,6.8,7.3,1.0
RA-7802024,2026-03-06 11:33:59.499006+00:00,7.743033333,11,9.5,10.0,5.6,9.0,6.0,8.2,1.0
RA-10572024,2026-03-06 11:33:59.499006+00:00,8.2352,10,10.0,10.0,6.3,8.8,8.0,8.2,1.0
RA-10622024,2026-03-06 11:33:59.499006+00:00,7.61472381,10,8.0,9.0,5.6,8.8,7.3,8.1,1.0
RA-14292024,2026-03-06 11:33:59.499006+00:00,8.041811111,11,9.5,8.9,7.5,9.0,7.8,8.1,1.0
RA-14302024,2026-03-06 11:33:59.499006+00:00,7.864033333,11,8.5,10.0,7.5,9.0,6.3,8.1,1.0
RA-7672024,2026-03-06 11:33:59.499006+00:00,8.131890476,12,9.5,9.0,7.5,8.5,8.3,8.1,1.0
RA-9432024,2026-03-06 11:33:59.499006+00:00,8.965033333,9,10.0,10.0,7.5,9.0,8.0,8.6,0.0
RA-7822024,2026-03-06 11:33:59.499006+00:00,8.189628571,10,9.5,7.9,7.5,7.5,7.8,8.1,0.0
RA-7952024,2026-03-06 11:33:59.499006+00:00,8.441414286,10,9.5,9.8,6.3,9.0,9.5,8.1,1.0
RA-14312024,2026-03-06 11:33:59.499006+00:00,7.914729244,11,9.0,7.7,7.5,8.0,8.0,9.1,1.0
RA-14322024,2026-03-06 11:33:59.499006+00:00,8.774075,10,10.0,10.0,7.5,9.2,9.5,8.5,1.0
RA-14332024,2026-03-06 11:33:59.499006+00:00,8.193989596,10,8.5,9.1,7.5,8.3,8.8,8.5,1.0
RA-14342024,2026-03-06 11:33:59.499006+00:00,8.277598292,10,8.5,8.0,6.3,9.5,9.0,9.8,1.0
RA-9582024,2026-03-06 11:33:59.499006+00:00,9.531325,9,10.0,10.0,6.3,9.5,10.0,9.8,0.0
RA-9612024,2026-03-06 11:33:59.499006+00:00,6.529417909,10,9.0,8.9,6.3,5.9,5.5,5.2,1.0
RA-14352024,2026-03-06 11:33:59.499006+00:00,7.719616667,10,9.5,7.8,7.5,7.2,7.5,6.2,0.0
RA-7552024,2026-03-06 11:33:59.499006+00:00,8.92545,10,10.0,10.0,7.5,9.1,9.8,9.1,1.0
RA-14362024,2026-03-06 11:33:59.499006+00:00,7.589914648,11,7.4,8.7,7.5,8.3,8.0,7.2,1.0
RA-14372024,2026-03-06 11:33:59.499006+00:00,7.982890217,11,8.5,9.3,7.5,8.3,8.0,7.9,1.0
RA-14382024,2026-03-06 11:33:59.499006+00:00,8.176825,10,10.0,9.0,7.5,8.9,7.0,9.2,1.0
RA-14392024,2026-03-06 11:33:59.499006+00:00,8.5077,11,7.5,10.0,7.5,9.4,8.5,9.3,1.0
RA-14402024,2026-03-06 11:33:59.499006+00:00,7.469102692,10,9.0,9.5,7.5,8.8,4.5,8.2,1.0
RA-14412024,2026-03-06 11:33:59.499006+00:00,8.96164617,9,9.5,9.1,7.5,9.4,8.5,9.0,0.0
RA-14422024,2026-03-06 11:33:59.499006+00:00,7.135189648,13,8.0,8.7,7.5,7.5,7.3,5.7,1.0
RA-14432024,2026-03-06 11:33:59.499006+00:00,6.921633333,13,6.9,7.5,6.3,7.7,6.8,7.4,1.0
RA-14442024,2026-03-06 11:33:59.499006+00:00,6.610588889,11,8.5,5.3,7.5,7.7,6.0,7.4,1.0
RA-9562024,2026-03-06 11:33:59.499006+00:00,6.117590646,12,9.5,6.0,6.9,7.1,3.3,7.1,1.0
RA-9522024,2026-03-06 11:33:59.499006+00:00,8.853624242,9,9.5,9.5,6.3,8.3,8.5,9.2,0.0
RA-9392024,2026-03-06 11:33:59.499006+00:00,7.051379842,12,9.0,8.9,5.6,8.1,5.0,7.5,1.0
RA-9532024,2026-03-06 11:33:59.499006+00:00,7.961241502,9,9.0,6.9,6.3,8.1,8.5,7.8,0.0
RA-9542024,2026-03-06 11:33:59.499006+00:00,8.282379842,9,9.5,8.9,6.3,8.1,7.8,7.8,0.0
RA-7922024,2026-03-06 11:33:59.499006+00:00,6.036012253,11,8.5,5.3,7.5,8.1,3.3,7.1,1.0
RA-10002024,2026-03-06 11:33:59.499006+00:00,8.364790909,9,9.0,9.5,6.3,8.1,7.8,7.8,0.0
RA-7632024,2026-03-06 11:33:59.499006+00:00,6.984760606,11,9.0,8.9,6.3,7.7,5.3,6.8,1.0
RA-10012024,2026-03-06 11:33:59.499006+00:00,7.796431884,10,7.5,9.3,7.5,7.9,7.8,7.9,1.0
RA-14452024,2026-03-06 11:33:59.499006+00:00,7.842866667,10,9.5,9.5,7.5,7.9,7.3,7.5,1.0
RA-14462024,2026-03-06 11:33:59.499006+00:00,5.900406192,9,8.0,6.7,6.3,7.3,0.0,7.1,0.0
RA-7682024,2026-03-06 11:33:59.499006+00:00,7.034537945,12,9.0,8.0,6.3,8.1,5.5,7.5,1.0
RA-14472024,2026-03-06 11:33:59.499006+00:00,7.540235088,11,9.5,9.7,7.5,7.9,5.3,7.8,1.0
RA-9802024,2026-03-06 11:33:59.499006+00:00,7.946388312,9,9.0,9.1,7.5,7.5,6.3,7.4,0.0
RA-9822024,2026-03-06 11:33:59.499006+00:00,8.119860173,8,10.0,8.4,7.5,6.9,8.3,6.8,0.0
RA-14482024,2026-03-06 11:33:59.499006+00:00,7.466126407,13,9.0,9.5,7.5,7.5,6.0,7.3,1.0
RA-10702024,2026-03-06 11:33:59.499006+00:00,6.287171862,12,9.0,9.3,5.6,6.9,2.3,6.6,1.0
RA-9852024,2026-03-06 11:33:59.499006+00:00,8.2432,9,8.5,10.0,6.3,7.5,7.5,7.6,0.0
RA-9862024,2026-03-06 11:33:59.499006+00:00,8.260340693,9,10.0,9.3,6.3,7.1,8.5,6.8,0.0
RA-8102024,2026-03-06 11:33:59.499006+00:00,7.704770175,10,7.5,9.5,5.6,6.5,9.0,7.8,1.0
RA-9872024,2026-03-06 11:33:59.499006+00:00,8.302886147,9,9.0,9.1,7.5,7.7,7.5,7.8,0.0
RA-9882024,2026-03-06 11:33:59.499006+00:00,8.176533333,10,9.5,10.0,7.5,8.3,7.8,8.0,1.0
RA-8052024,2026-03-06 11:33:59.499006+00:00,6.937586905,10,8.5,9.5,4.4,7.0,6.0,6.7,1.0
RA-8062024,2026-03-06 11:33:59.499006+00:00,6.972777381,10,8.5,6.9,7.5,7.7,6.8,6.9,1.0
RA-8072024,2026-03-06 11:33:59.499006+00:00,7.797628571,10,9.0,7.9,7.5,7.5,7.0,7.1,0.0
RA-8082024,2026-03-06 11:33:59.499006+00:00,8.7897,10,9.0,10.0,7.5,8.1,8.8,7.9,0.0
RA-9632024,2026-03-06 11:33:59.499006+00:00,8.375080952,10,7.5,9.8,7.5,8.1,7.5,8.0,0.0
RA-9892024,2026-03-06 11:33:59.499006+00:00,7.374378571,10,9.5,7.9,6.3,7.2,6.0,6.5,0.0
RA-9642024,2026-03-06 11:33:59.499006+00:00,7.548241667,10,9.5,8.3,7.5,8.0,7.3,7.2,1.0
RA-14492024,2026-03-06 11:33:59.499006+00:00,7.214341667,10,7.4,8.3,7.5,8.0,6.8,7.0,1.0
RA-8012024,2026-03-06 11:33:59.499006+00:00,6.6752,10,9.0,5.8,7.5,6.3,8.0,5.7,1.0
RA-14502024,2026-03-06 11:33:59.499006+00:00,7.405235714,9,9.5,8.6,7.5,7.8,3.5,7.5,0.0
RA-9842024,2026-03-06 11:33:59.499006+00:00,8.475080952,9,9.5,9.8,7.5,8.1,7.0,8.0,0.0
RA-14512024,2026-03-06 11:33:59.499006+00:00,7.560479762,11,10.0,8.8,7.5,8.0,6.0,7.8,1.0
RA-9672024,2026-03-06 11:33:59.499006+00:00,5.442610714,11,9.5,3.6,7.5,5.8,4.8,5.0,1.0
RA-9682024,2026-03-06 11:33:59.499006+00:00,7.840354762,10,9.0,8.8,7.5,8.4,7.8,7.7,1.0
RA-5212024,2026-03-06 11:33:59.499006+00:00,7.479842857,11,8.0,9.0,5.0,6.7,6.3,7.3,0.0
RA-8212024,2026-03-06 11:33:59.499006+00:00,6.643866667,11,8.5,5.9,7.5,6.7,4.3,6.7,0.0
RA-10752024,2026-03-06 11:33:59.499006+00:00,6.810081232,13,7.5,8.5,3.8,7.7,6.0,7.6,1.0
RA-10822024,2026-03-06 11:33:59.499006+00:00,6.611485714,13,7.5,7.6,10.0,7.1,3.8,6.9,1.0
RA-6802024,2026-03-06 11:33:59.499006+00:00,4.980071429,12,0.0,6.6,5.6,6.7,3.0,6.6,1.0
RA-6982024,2026-03-06 11:33:59.499006+00:00,7.336319048,10,9.0,8.3,6.9,7.3,4.5,7.3,0.0
RA-14522024,2026-03-06 11:33:59.499006+00:00,8.626866667,12,9.0,10.0,7.5,7.9,7.8,8.2,0.0
RA-14532024,2026-03-06 11:33:59.499006+00:00,7.123485714,12,8.5,7.8,6.3,7.5,6.5,7.7,1.0
RA-14542024,2026-03-06 11:33:59.499006+00:00,7.70422381,10,8.0,5.9,7.5,7.7,7.8,8.3,0.0
RA-14552024,2026-03-06 11:33:59.499006+00:00,6.644255556,12,8.0,7.8,7.5,7.7,3.5,7.8,1.0
RA-5292024,2026-03-06 11:33:59.499006+00:00,5.266128572,14,7.0,6.6,4.4,4.8,4.3,4.9,1.0
RA-14562024,2026-03-06 11:33:59.499006+00:00,8.492914286,11,9.5,9.5,7.5,7.5,7.8,7.9,0.0
RA-10152024,2026-03-06 11:33:59.499006+00:00,6.643252381,11,7.9,7.8,7.5,6.0,4.0,5.7,0.0
RA-4832024,2026-03-06 11:33:59.499006+00:00,6.578604762,13,8.5,5.6,6.3,8.1,5.3,8.1,1.0
RA-4972024,2026-03-06 11:33:59.499006+00:00,4.496080952,15,7.5,6.1,5.6,5.6,1.0,3.5,1.0
RA-14572024,2026-03-06 11:33:59.499006+00:00,6.01977619,12,3.5,8.0,7.5,7.3,2.8,7.7,1.0
RA-6882024,2026-03-06 11:33:59.499006+00:00,8.986533333,11,9.5,10.0,8.1,8.3,7.5,9.5,0.0
RA-6962024,2026-03-06 11:33:59.499006+00:00,7.482680952,10,7.4,7.8,7.5,7.7,5.3,8.0,0.0
RA-14582024,2026-03-06 11:33:59.499006+00:00,5.879073684,12,8.8,7.3,7.5,6.0,3.3,5.2,1.0
RA-10342024,2026-03-06 11:33:59.499006+00:00,8.033366667,11,7.5,8.1,7.5,7.7,7.5,8.2,0.0
RA-4912024,2026-03-06 11:33:59.499006+00:00,6.995247619,12,7.5,9.0,7.5,7.1,5.3,7.2,1.0
RA-10272024,2026-03-06 11:33:59.499006+00:00,8.220866667,11,9.5,10.0,7.5,7.9,5.3,8.4,0.0
RA-10232024,2026-03-06 11:33:59.499006+00:00,9.498580952,10,9.5,9.5,9.4,9.0,9.5,9.6,0.0
RA-6862024,2026-03-06 11:33:59.499006+00:00,8.040259524,11,8.0,8.8,6.9,8.4,7.3,7.5,0.0
RA-4802024,2026-03-06 11:33:59.499006+00:00,7.260202381,12,6.3,8.1,7.5,7.8,5.0,7.4,0.0
RA-14592024,2026-03-06 11:33:59.499006+00:00,6.665390476,12,8.0,8.3,7.5,7.5,3.8,7.3,1.0
RA-14602024,2026-03-06 11:33:59.499006+00:00,6.784805263,12,9.5,7.5,7.5,6.9,3.3,6.3,0.0
RA-10172024,2026-03-06 11:33:59.499006+00:00,7.345521429,12,9.5,7.8,6.3,7.2,5.0,7.4,0.0
RA-4992024,2026-03-06 11:33:59.499006+00:00,7.57947381,12,8.5,9.0,7.5,7.2,4.8,7.5,0.0
RA-5142024,2026-03-06 11:33:59.499006+00:00,6.219580952,11,9.0,7.6,4.4,5.6,3.0,6.0,0.0
RA-14612024,2026-03-06 11:33:59.499006+00:00,6.871961905,12,10.0,9.3,7.5,7.5,2.8,7.3,1.0
RA-14622024,2026-03-06 11:33:59.499006+00:00,7.624366667,13,8.5,10.0,7.5,8.1,6.5,7.1,1.0
RA-14632024,2026-03-06 11:33:59.499006+00:00,9.074561111,12,8.5,9.7,7.5,9.1,10.0,8.1,0.0
RA-14642024,2026-03-06 11:33:59.499006+00:00,7.288424359,13,8.0,7.8,7.5,9.1,6.3,7.6,1.0
RA-6872024,2026-03-06 11:33:59.499006+00:00,8.273984461,11,7.5,9.2,7.5,8.8,7.3,8.0,0.0
RA-10302024,2026-03-06 11:33:59.499006+00:00,7.740191604,12,7.4,8.3,4.4,7.8,8.0,7.6,0.0
RA-14652024,2026-03-06 11:33:59.499006+00:00,7.334466667,12,7.4,8.8,7.5,8.8,5.8,7.8,1.0
RA-5222024,2026-03-06 11:33:59.499006+00:00,8.677711905,11,8.0,9.5,7.5,8.4,9.0,7.9,0.0
RA-5012024,2026-03-06 11:33:59.499006+00:00,8.277947494,11,7.0,8.0,7.5,8.4,8.8,8.2,0.0
RA-14662024,2026-03-06 11:33:59.499006+00:00,8.21372381,12,10.0,7.4,7.5,8.8,7.5,8.1,0.0
RA-5022024,2026-03-06 11:33:59.499006+00:00,8.502330952,10,9.0,9.8,3.8,9.1,8.0,8.8,0.0
RA-14672024,2026-03-06 11:33:59.499006+00:00,8.836711278,12,9.0,9.0,7.5,8.8,9.3,8.3,0.0
RA-14682024,2026-03-06 11:33:59.499006+00:00,8.128102882,12,8.5,9.0,7.5,8.4,7.0,7.4,0.0
RA-5272024,2026-03-06 11:33:59.499006+00:00,8.140366667,11,9.0,10.0,7.5,8.1,6.0,7.4,0.0
RA-14692024,2026-03-06 11:33:59.499006+00:00,7.459755556,13,8.5,9.4,7.5,8.8,4.8,8.2,1.0
RA-14702024,2026-03-06 11:33:59.499006+00:00,5.967421532,12,8.0,6.4,6.3,6.9,5.0,5.4,1.0
RA-14712024,2026-03-06 11:33:59.499006+00:00,7.404455435,13,10.0,7.2,7.5,7.7,7.5,7.2,1.0
RA-7102024,2026-03-06 11:33:59.499006+00:00,7.036624134,12,9.2,8.2,5.6,7.7,6.8,6.5,1.0
RA-14722024,2026-03-06 11:33:59.499006+00:00,8.773575,11,8.5,10.0,7.5,8.0,8.8,8.1,0.0
RA-8372024,2026-03-06 11:33:59.499006+00:00,7.964846739,10,7.5,9.8,6.9,7.0,6.8,7.6,0.0
RA-5492024,2026-03-06 11:33:59.499006+00:00,6.539818789,12,10.0,7.2,6.3,6.4,5.8,5.9,1.0
RA-5712024,2026-03-06 11:33:59.499006+00:00,6.296455435,13,7.0,8.7,4.4,7.0,5.3,5.8,1.0
RA-7312024,2026-03-06 11:33:59.499006+00:00,4.770487338,12,9.5,4.2,4.4,5.8,2.5,4.8,1.0
RA-7062024,2026-03-06 11:33:59.499006+00:00,5.870196429,11,0.0,7.1,6.3,7.7,3.3,7.0,0.0
RA-7072024,2026-03-06 11:33:59.499006+00:00,6.497561842,12,7.9,7.7,4.4,6.4,6.5,6.4,1.0
RA-10442024,2026-03-06 11:33:59.499006+00:00,7.966711905,11,7.5,9.5,7.5,7.2,7.0,7.2,0.0
RA-10542024,2026-03-06 11:33:59.499006+00:00,6.985788509,13,9.5,7.3,7.5,7.2,6.3,6.8,1.0
RA-7212024,2026-03-06 11:33:59.499006+00:00,8.898602692,10,9.0,9.5,8.1,8.8,8.3,8.8,0.0
RA-14732024,2026-03-06 11:33:59.499006+00:00,6.689320601,13,9.5,8.4,5.6,6.6,5.3,6.4,1.0
RA-7352024,2026-03-06 11:33:59.499006+00:00,7.788846739,12,8.0,9.8,6.3,7.7,8.0,7.7,1.0
RA-7122024,2026-03-06 11:33:59.499006+00:00,6.223637371,13,7.5,6.0,5.6,6.6,6.8,6.0,1.0
RA-11032024,2026-03-06 11:33:59.499006+00:00,7.861995031,11,8.5,7.8,7.5,7.5,7.3,7.5,0.0
RA-5702024,2026-03-06 11:33:59.499006+00:00,6.813364079,12,8.0,8.0,5.6,7.2,6.8,6.4,1.0
RA-7132024,2026-03-06 11:33:59.499006+00:00,7.467500983,11,8.0,7.5,7.5,7.0,6.8,6.8,0.0
RA-7142024,2026-03-06 11:33:59.499006+00:00,5.465366201,13,0.0,6.9,6.3,7.7,4.0,7.0,1.0
RA-7372024,2026-03-06 11:33:59.499006+00:00,8.469548861,11,8.5,8.7,6.9,7.5,9.3,8.0,0.0
RA-14742024,2026-03-06 11:33:59.499006+00:00,7.384207505,11,8.0,8.0,5.6,6.7,7.5,6.3,0.0
RA-10362024,2026-03-06 11:33:59.499006+00:00,8.284130383,12,10.0,9.1,7.5,7.7,7.0,7.7,0.0
RA-5762024,2026-03-06 11:33:59.499006+00:00,8.93195,12,8.5,10.0,7.5,7.8,9.3,8.5,0.0
RA-5772024,2026-03-06 11:33:59.499006+00:00,6.62915911,12,8.5,5.8,5.6,6.6,8.0,6.5,1.0
RA-5802024,2026-03-06 11:33:59.499006+00:00,7.928152122,12,9.0,8.9,7.5,7.0,9.3,7.2,1.0
RA-5812024,2026-03-06 11:33:59.499006+00:00,7.083301553,12,7.4,8.2,5.6,6.6,8.8,6.2,1.0
RA-8412024,2026-03-06 11:33:59.499006+00:00,6.035771224,12,10.0,6.3,7.5,7.0,3.3,5.8,1.0
RA-7302024,2026-03-06 11:33:59.499006+00:00,8.469255556,11,8.0,7.2,6.9,9.2,9.5,8.7,0.0
RA-8552024,2026-03-06 11:33:59.499006+00:00,8.578533333,10,9.0,10.0,7.5,7.5,8.5,7.4,0.0
RA-8202024,2026-03-06 11:33:59.499006+00:00,7.426572549,11,10.0,6.6,7.5,8.3,6.3,6.4,0.0
RA-7152024,2026-03-06 11:33:59.499006+00:00,5.309825313,11,9.0,5.3,3.8,5.0,2.8,4.7,0.0
RA-10382024,2026-03-06 11:33:59.499006+00:00,7.964638597,11,8.0,7.5,7.5,7.5,8.5,7.3,0.0
RA-14752024,2026-03-06 11:33:59.499006+00:00,7.413901754,10,9.0,8.1,7.5,7.5,5.0,7.0,0.0
RA-10392024,2026-03-06 11:33:59.499006+00:00,7.549644444,13,8.0,9.7,7.5,7.5,7.3,6.8,1.0
RA-7452024,2026-03-06 11:33:59.499006+00:00,8.6102,11,9.0,10.0,6.3,7.5,8.5,8.2,0.0
RA-10402024,2026-03-06 11:33:59.499006+00:00,7.7642,12,9.5,8.5,7.5,7.5,8.3,7.3,1.0
RA-7462024,2026-03-06 11:33:59.499006+00:00,7.903311111,10,8.5,7.4,7.5,7.5,8.0,7.3,0.0
RA-10692024,2026-03-06 11:33:59.499006+00:00,7.678917391,12,9.0,7.1,7.5,8.1,6.3,7.8,0.0
RA-14762024,2026-03-06 11:33:59.499006+00:00,8.80795,11,9.5,10.0,5.6,8.4,8.5,8.8,0.0
RA-8272024,2026-03-06 11:33:59.499006+00:00,8.248346739,12,10.0,9.8,5.0,7.7,7.3,7.9,0.0
RA-14772024,2026-03-06 11:33:59.499006+00:00,7.051498913,11,8.0,8.0,7.5,6.4,5.0,6.3,0.0
RA-7622024,2026-03-06 11:33:59.499006+00:00,5.967732609,14,10.0,6.4,6.3,6.6,3.8,5.8,1.0
RA-7782024,2026-03-06 11:33:59.499006+00:00,8.075413959,11,10.0,8.1,7.5,7.5,7.0,7.7,0.0
RA-5912024,2026-03-06 11:33:59.499006+00:00,6.836033696,13,7.4,7.9,6.3,5.8,7.5,6.5,1.0
RA-14782024,2026-03-06 11:33:59.499006+00:00,6.721033333,11,8.0,6.7,6.3,6.9,4.3,7.1,0.0
RA-14792024,2026-03-06 11:33:59.499006+00:00,6.615766239,12,8.5,6.2,7.5,7.2,4.3,6.0,0.0
RA-14802024,2026-03-06 11:33:59.499006+00:00,7.09445,12,8.5,8.9,7.5,7.2,5.5,7.0,1.0
RA-4382024,2026-03-06 11:33:59.499006+00:00,7.930283696,12,9.2,8.7,7.5,8.0,8.3,7.9,1.0
RA-6072024,2026-03-06 11:33:59.499006+00:00,7.648602174,12,8.5,7.5,7.5,7.2,7.0,7.2,0.0
RA-14812024,2026-03-06 11:33:59.499006+00:00,6.860721739,12,8.5,8.8,7.5,6.9,4.8,6.8,1.0
RA-14822024,2026-03-06 11:33:59.499006+00:00,5.2257,14,8.5,5.0,7.5,7.5,0.0,6.9,1.0
RA-14832024,2026-03-06 11:33:59.499006+00:00,7.311433696,11,9.5,7.9,7.5,5.8,6.5,5.7,0.0
RA-14842024,2026-03-06 11:33:59.499006+00:00,7.7542,14,9.0,10.0,6.3,7.5,7.0,7.9,1.0
RA-14852024,2026-03-06 11:33:59.499006+00:00,6.738687578,13,9.0,7.7,5.6,7.5,5.0,7.4,1.0
RA-14862024,2026-03-06 11:33:59.499006+00:00,6.86547451,11,8.0,5.4,6.3,7.9,5.8,7.1,0.0
RA-5972024,2026-03-06 11:33:59.499006+00:00,7.843291097,11,9.0,9.3,7.5,7.5,6.0,6.9,0.0
RA-6242024,2026-03-06 11:33:59.499006+00:00,7.229425673,12,8.0,8.2,7.5,7.9,4.0,7.2,0.0
RA-14872024,2026-03-06 11:33:59.499006+00:00,8.026743478,13,10.0,9.6,6.3,7.7,8.3,7.8,1.0
RA-14882024,2026-03-06 11:33:59.499006+00:00,6.766893582,11,8.0,7.1,7.5,7.5,3.5,6.7,0.0
RA-14892024,2026-03-06 11:33:59.499006+00:00,5.984228986,12,9.0,5.8,6.3,6.7,5.0,5.7,1.0
RA-6002024,2026-03-06 11:33:59.499006+00:00,7.847373913,11,8.0,8.0,7.5,7.5,7.5,7.2,0.0
RA-6632024,2026-03-06 11:33:59.499006+00:00,6.696419462,12,8.5,7.1,5.6,6.9,6.5,6.9,1.0
RA-14902024,2026-03-06 11:33:59.499006+00:00,7.372576812,12,8.5,9.6,6.3,6.7,7.8,6.3,1.0
RA-14912024,2026-03-06 11:33:59.499006+00:00,7.5072,12,9.0,6.3,7.5,7.5,6.5,7.8,0.0
RA-10662024,2026-03-06 11:33:59.499006+00:00,7.93262236,11,9.5,8.4,6.3,7.5,7.3,7.4,0.0
RA-6302024,2026-03-06 11:33:59.499006+00:00,6.879985507,11,0.0,8.5,7.5,7.5,5.8,7.7,0.0
RA-8342024,2026-03-06 11:33:59.499006+00:00,8.51364617,11,8.0,9.1,6.3,7.7,8.8,8.7,0.0
RA-7842024,2026-03-06 11:33:59.499006+00:00,8.885745455,11,8.0,9.8,5.6,9.4,8.8,9.4,0.0
RA-10592024,2026-03-06 11:33:59.499006+00:00,8.67845,11,8.0,10.0,6.3,9.1,7.5,9.2,0.0
RA-6122024,2026-03-06 11:33:59.499006+00:00,9.134040909,12,8.0,9.5,6.3,9.7,9.8,9.4,0.0
RA-10602024,2026-03-06 11:33:59.499006+00:00,6.448416667,12,9.6,6.0,6.3,7.8,3.3,6.2,0.0
RA-7612024,2026-03-06 11:33:59.499006+00:00,8.174593939,11,8.5,8.9,6.3,8.8,7.3,8.0,0.0
RA-14932024,2026-03-06 11:33:59.499006+00:00,6.378661324,12,8.5,7.8,7.5,7.2,4.0,5.9,1.0
RA-6652024,2026-03-06 11:33:59.499006+00:00,5.69870303,12,8.3,5.1,5.6,7.5,4.8,5.4,1.0
RA-11152024,2026-03-06 11:33:59.499006+00:00,6.570068687,12,8.0,4.3,7.5,7.5,6.3,5.8,0.0
RA-10612024,2026-03-06 11:33:59.499006+00:00,8.76595,11,8.5,10.0,6.3,8.4,8.5,8.7,0.0
RA-14942024,2026-03-06 11:33:59.499006+00:00,5.874882353,11,0.0,6.8,7.5,7.5,4.3,5.8,0.0
RA-14952024,2026-03-06 11:33:59.499006+00:00,8.48450303,11,9.0,8.3,7.5,8.8,8.3,8.2,0.0
RA-6062024,2026-03-06 11:33:59.499006+00:00,6.645260606,11,8.5,7.6,6.9,8.1,3.3,5.6,0.0
RA-5942024,2026-03-06 11:33:59.499006+00:00,6.890966667,12,6.9,5.8,6.3,8.1,7.0,6.1,0.0
RA-14962024,2026-03-06 11:33:59.499006+00:00,6.77997381,12,9.0,5.7,7.5,7.8,4.3,6.8,0.0
RA-14972024,2026-03-06 11:33:59.499006+00:00,5.242378788,12,0.0,5.0,7.5,6.9,2.0,7.0,0.0
RA-14982024,2026-03-06 11:33:59.499006+00:00,7.147881818,13,8.5,7.8,7.5,8.1,7.0,6.3,1.0
RA-14992024,2026-03-06 11:33:59.499006+00:00,7.9148,12,8.4,9.3,6.9,8.1,6.5,7.1,0.0
RA-7882024,2026-03-06 11:33:59.499006+00:00,7.922106827,10,8.4,9.5,6.3,8.4,5.8,7.8,0.0
RA-15002024,2026-03-06 11:33:59.499006+00:00,7.36045,11,9.5,8.3,6.9,8.4,3.5,7.6,0.0
RA-7772024,2026-03-06 11:33:59.499006+00:00,7.563515408,10,8.0,8.8,7.5,8.1,4.5,7.7,0.0
RA-10632024,2026-03-06 11:33:59.499006+00:00,7.27925,12,5.3,9.8,7.5,7.8,7.8,6.1,1.0
RA-6642024,2026-03-06 11:33:59.499006+00:00,7.501724409,12,9.0,6.8,7.5,8.1,5.8,7.7,0.0
RA-15012024,2026-03-06 11:33:59.499006+00:00,8.04495,11,9.5,10.0,7.5,8.4,5.0,7.5,0.0
RA-7642024,2026-03-06 11:33:59.499006+00:00,7.83837029,10,8.0,7.9,7.5,8.4,6.0,8.3,0.0
RA-10642024,2026-03-06 11:33:59.499006+00:00,8.980235088,11,9.5,9.7,7.5,8.8,8.5,8.8,0.0
RA-10652024,2026-03-06 11:33:59.499006+00:00,8.863493478,11,9.5,8.8,6.3,9.1,9.3,8.8,0.0
RA-15022024,2026-03-06 11:33:59.499006+00:00,6.886091026,12,8.0,7.6,7.5,7.8,5.3,7.4,1.0
RA-7812024,2026-03-06 11:33:59.499006+00:00,8.496283333,11,8.0,9.8,7.5,8.4,7.3,8.5,0.0
RA-6082024,2026-03-06 11:33:59.499006+00:00,5.778986232,11,9.0,3.1,6.9,7.2,4.3,5.1,0.0
RA-7962024,2026-03-06 11:33:59.499006+00:00,7.052457703,12,8.5,8.2,7.5,7.9,5.3,7.3,1.0
RA-7972024,2026-03-06 11:33:59.499006+00:00,6.597315152,12,9.2,4.8,7.5,6.7,7.3,6.7,1.0
RA-6362024,2026-03-06 11:33:59.499006+00:00,6.380227911,12,8.0,4.9,7.5,6.9,5.3,5.6,0.0
RA-11402024,2026-03-06 11:33:59.499006+00:00,7.347388038,12,6.8,6.1,7.5,8.1,7.0,7.4,0.0
RA-15032024,2026-03-06 11:33:59.499006+00:00,6.9917,13,7.5,10.0,7.5,9.0,2.8,7.7,1.0
RA-8142024,2026-03-06 11:33:59.499006+00:00,7.971648485,11,7.4,9.1,7.5,7.5,7.5,7.1,0.0
RA-6372024,2026-03-06 11:33:59.499006+00:00,7.685321212,12,7.5,6.2,7.5,8.3,7.8,7.8,0.0
RA-6522024,2026-03-06 11:33:59.499006+00:00,7.36189697,11,8.0,6.9,7.5,7.9,5.5,7.7,0.0
RA-8162024,2026-03-06 11:33:59.499006+00:00,8.929745455,11,7.0,9.8,7.5,9.2,9.3,8.8,0.0
RA-15042024,2026-03-06 11:33:59.499006+00:00,6.057060606,12,7.5,4.6,5.6,5.8,6.8,6.9,1.0
RA-6382024,2026-03-06 11:33:59.499006+00:00,6.746487879,11,8.5,5.7,7.5,8.1,5.0,5.9,0.0
RA-15052024,2026-03-06 11:33:59.499006+00:00,6.719917172,13,9.5,7.5,7.5,8.8,3.8,6.9,1.0
RA-6432024,2026-03-06 11:33:59.499006+00:00,6.402239075,12,9.0,6.9,7.5,8.1,4.5,5.8,1.0
RA-6452024,2026-03-06 11:33:59.499006+00:00,7.502239394,12,7.4,8.4,7.5,7.7,5.3,7.6,0.0
RA-10682024,2026-03-06 11:33:59.499006+00:00,9.01500303,11,9.5,9.1,7.5,8.5,9.5,8.7,0.0
RA-7982024,2026-03-06 11:33:59.499006+00:00,4.674365368,12,6.8,3.5,7.5,5.0,4.8,2.9,1.0
RA-7992024,2026-03-06 11:33:59.499006+00:00,7.702648485,11,7.9,9.1,7.5,7.9,5.3,7.5,0.0
RA-15062024,2026-03-06 11:33:59.499006+00:00,7.151855844,11,8.0,8.4,7.5,6.5,3.5,7.9,0.0
RA-8022024,2026-03-06 11:33:59.499006+00:00,7.831797403,11,7.5,7.0,7.5,8.3,8.8,6.7,0.0
RA-15072024,2026-03-06 11:33:59.499006+00:00,5.046077056,12,6.9,4.4,7.5,4.6,5.0,3.8,1.0
RA-10712024,2026-03-06 11:33:59.499006+00:00,4.804862338,12,8.0,4.2,7.5,4.2,4.5,3.0,1.0
RA-15082024,2026-03-06 11:33:59.499006+00:00,8.180420779,10,7.5,7.2,7.5,7.5,9.3,8.2,0.0
RA-15092024,2026-03-06 11:33:59.499006+00:00,7.560230303,11,8.5,6.5,7.5,6.7,7.5,7.4,0.0
RA-15102024,2026-03-06 11:33:59.499006+00:00,9.464745454,11,10.0,9.8,7.5,9.6,10.0,9.0,0.0
RA-7852024,2026-03-06 11:33:59.499006+00:00,9.154866667,11,9.5,10.0,7.5,8.8,9.0,8.9,0.0
RA-15112024,2026-03-06 11:33:59.499006+00:00,8.921707764,11,10.0,9.3,7.5,8.4,8.8,8.6,0.0
RA-7522024,2026-03-06 11:33:59.499006+00:00,6.57279265,12,9.5,7.5,7.5,5.9,5.8,5.6,1.0
RA-7902024,2026-03-06 11:33:59.499006+00:00,6.808935507,13,7.5,6.8,7.5,7.2,6.8,6.9,1.0
RA-5902024,2026-03-06 11:33:59.499006+00:00,6.712378054,12,8.0,8.5,6.3,7.5,4.0,7.7,1.0
RA-15122024,2026-03-06 11:33:59.499006+00:00,8.10445,10,9.5,10.0,7.5,7.8,5.5,7.6,0.0
RA-4722024,2026-03-06 11:33:59.499006+00:00,6.639761077,14,7.5,7.5,7.5,6.3,6.3,6.3,1.0
RA-6282024,2026-03-06 11:33:59.499006+00:00,8.236616667,13,9.0,10.0,7.5,7.2,9.0,7.8,1.0
RA-15132024,2026-03-06 11:33:59.499006+00:00,6.550917172,12,8.5,7.5,7.5,7.5,3.8,7.2,1.0
RA-15142024,2026-03-06 11:33:59.499006+00:00,7.520576263,12,9.0,8.0,7.5,7.2,5.5,7.3,0.0
RA-6292024,2026-03-06 11:33:59.499006+00:00,8.061295238,11,10.0,9.5,7.5,7.5,6.0,7.3,0.0
RA-8322024,2026-03-06 11:33:59.499006+00:00,8.240330435,11,9.0,8.7,7.5,7.5,8.0,7.5,0.0
RA-15152024,2026-03-06 11:33:59.499006+00:00,5.832133333,12,6.4,6.7,6.3,6.9,3.5,6.7,1.0
RA-8332024,2026-03-06 11:33:59.499006+00:00,8.518457764,11,9.0,9.3,7.5,8.1,8.0,7.9,0.0
RA-10732024,2026-03-06 11:33:59.499006+00:00,7.085994577,13,9.2,6.4,7.5,6.9,6.5,5.8,0.0
RA-4942024,2026-03-06 11:33:59.499006+00:00,7.922281328,13,7.5,7.3,8.8,7.8,6.3,8.9,0.0
RA-4842024,2026-03-06 11:33:59.499006+00:00,3.835477657,13,8.3,3.9,2.5,3.4,0.0,3.1,0.0
RA-4962024,2026-03-06 11:33:59.499006+00:00,6.726607508,13,10.0,5.3,6.3,6.7,5.7,6.2,0.0
RA-15172024,2026-03-06 11:33:59.499006+00:00,6.240744444,15,9.2,4.3,9.4,7.5,4.7,6.7,1.0
RA-15182024,2026-03-06 11:33:59.499006+00:00,5.721382143,15,7.1,5.7,9.4,7.7,1.8,6.6,1.0
RA-2272024,2026-03-06 11:33:59.499006+00:00,8.074015455,13,9.6,8.1,9.4,7.5,6.5,7.5,0.0
RA-4872024,2026-03-06 11:33:59.499006+00:00,9.417137302,12,9.2,9.4,9.4,9.1,9.7,9.2,0.0
RA-10762024,2026-03-06 11:33:59.499006+00:00,7.479598365,13,8.3,7.8,8.1,7.0,6.3,6.5,0.0
RA-10842024,2026-03-06 11:33:59.499006+00:00,6.907110965,12,8.8,7.7,5.6,7.0,3.7,7.5,0.0
RA-3462024,2026-03-06 11:33:59.499006+00:00,7.761749603,12,10.0,9.1,2.5,8.0,6.2,8.3,0.0
RA-5462024,2026-03-06 11:33:59.499006+00:00,5.70242601,13,5.8,3.8,8.1,5.2,4.7,5.5,0.0
RA-10872024,2026-03-06 11:33:59.499006+00:00,6.913936532,13,7.9,8.4,8.8,7.2,2.7,6.6,0.0
RA-15202024,2026-03-06 11:33:59.499006+00:00,7.002646212,14,8.3,9.1,8.8,7.7,3.8,7.3,1.0
RA-10722024,2026-03-06 11:33:59.499006+00:00,7.815385675,12,8.8,5.6,8.8,8.0,8.2,7.5,0.0
RA-15212024,2026-03-06 11:33:59.499006+00:00,5.065788844,14,7.5,6.2,2.5,6.1,3.2,5.5,1.0
RA-10792024,2026-03-06 11:33:59.499006+00:00,5.42534133,13,7.5,4.5,2.5,4.2,6.3,4.2,0.0
RA-3312024,2026-03-06 11:33:59.499006+00:00,6.231045707,14,8.8,7.7,8.8,6.1,3.5,5.6,1.0
RA-15222024,2026-03-06 11:33:59.499006+00:00,8.3261,13,8.8,10.0,9.4,6.9,7.0,7.1,0.0
RA-5312024,2026-03-06 11:33:59.499006+00:00,7.912792647,12,9.2,9.8,4.4,8.0,6.7,7.3,0.0
RA-15242024,2026-03-06 11:33:59.499006+00:00,5.547380556,14,7.9,2.8,7.5,7.7,4.0,6.9,1.0
RA-11472024,2026-03-06 11:33:59.499006+00:00,5.833118519,15,8.8,6.1,8.8,6.3,3.2,5.5,1.0
RA-5172024,2026-03-06 11:33:59.499006+00:00,5.880466583,14,7.5,5.3,2.5,6.0,5.0,6.1,0.0
RA-3252024,2026-03-06 11:33:59.499006+00:00,8.385133333,12,9.2,9.9,7.5,8.3,7.0,7.6,0.0
RA-15252024,2026-03-06 11:33:59.499006+00:00,7.778263492,13,7.9,8.3,5.6,8.5,7.0,7.6,0.0
RA-5182024,2026-03-06 11:33:59.499006+00:00,6.346748371,12,8.3,6.8,2.5,7.1,4.0,6.9,0.0
RA-11462024,2026-03-06 11:33:59.499006+00:00,5.393308605,15,10.0,5.0,6.9,6.3,2.0,5.9,1.0
RA-5302024,2026-03-06 11:33:59.499006+00:00,7.214534419,12,8.8,6.5,9.4,7.1,4.5,7.5,0.0
RA-5242024,2026-03-06 11:33:59.499006+00:00,7.026322556,13,7.1,5.1,2.5,8.3,8.7,7.4,0.0
RA-5262024,2026-03-06 11:33:59.499006+00:00,7.843157895,14,9.6,9.4,8.1,7.3,7.3,7.5,1.0
RA-5282024,2026-03-06 11:33:59.499006+00:00,7.276330075,13,9.2,5.8,7.5,7.3,6.7,6.9,0.0
RA-5342024,2026-03-06 11:33:59.499006+00:00,7.088855054,14,9.6,6.0,7.5,7.5,5.0,7.1,0.0
RA-10972024,2026-03-06 11:33:59.499006+00:00,5.475324896,15,10.0,4.8,6.3,6.0,3.0,5.9,1.0
RA-3602024,2026-03-06 11:33:59.499006+00:00,6.293175689,14,8.3,5.6,5.0,7.7,5.8,7.0,1.0
RA-15262024,2026-03-06 11:33:59.499006+00:00,7.9798,13,9.2,10.0,8.8,8.1,3.8,8.1,0.0
RA-10772024,2026-03-06 11:33:59.499006+00:00,5.543865741,12,0.0,7.7,6.9,6.4,2.0,6.4,0.0
RA-3632024,2026-03-06 11:33:59.499006+00:00,7.617803571,14,9.6,9.5,5.6,7.3,5.3,7.0,0.0
RA-3402024,2026-03-06 11:33:59.499006+00:00,6.715437329,13,7.9,6.6,7.5,6.6,5.2,5.8,0.0
RA-15272024,2026-03-06 11:33:59.499006+00:00,8.631675,13,9.2,10.0,7.5,8.0,8.0,7.8,0.0
RA-5092024,2026-03-06 11:33:59.499006+00:00,6.918152273,13,9.2,6.4,2.5,8.3,6.0,7.2,0.0
RA-5002024,2026-03-06 11:33:59.499006+00:00,8.077708333,12,9.6,10.0,2.5,8.6,6.7,8.4,0.0
RA-15282024,2026-03-06 11:33:59.499006+00:00,7.622584091,13,9.2,7.8,7.5,8.0,5.7,7.3,0.0
RA-10892024,2026-03-06 11:33:59.499006+00:00,7.622153175,12,9.2,7.0,8.1,7.2,6.8,7.0,0.0
RA-10902024,2026-03-06 11:33:59.499006+00:00,7.765283138,14,9.6,7.6,7.5,7.8,6.3,7.4,0.0
RA-10932024,2026-03-06 11:33:59.499006+00:00,8.507902778,12,7.5,7.7,8.1,8.9,8.7,8.9,0.0
RA-10942024,2026-03-06 11:33:59.499006+00:00,8.016478571,12,9.2,9.5,2.5,8.4,7.3,8.2,0.0
RA-10952024,2026-03-06 11:33:59.499006+00:00,6.108547515,14,7.5,7.8,7.5,5.5,2.3,5.1,0.0
RA-10982024,2026-03-06 11:33:59.499006+00:00,6.574456251,14,8.8,5.8,7.5,7.3,3.5,6.7,0.0
RA-11062024,2026-03-06 11:33:59.499006+00:00,5.936272086,13,8.3,5.4,7.5,7.7,0.0,7.5,0.0
RA-5682024,2026-03-06 11:33:59.499006+00:00,5.545864286,16,7.9,3.3,8.1,6.6,5.2,5.5,1.0
RA-5582024,2026-03-06 11:33:59.499006+00:00,5.048054503,16,9.2,3.8,8.1,6.1,3.0,4.3,1.0
RA-5592024,2026-03-06 11:33:59.499006+00:00,6.158158974,13,10.0,5.7,8.1,6.3,3.2,4.7,0.0
RA-15292024,2026-03-06 11:33:59.499006+00:00,6.710079487,14,6.7,7.4,7.5,8.1,5.5,7.0,1.0
RA-11082024,2026-03-06 11:33:59.499006+00:00,6.01721501,13,9.2,3.8,8.1,7.2,3.7,5.4,0.0
RA-5422024,2026-03-06 11:33:59.499006+00:00,6.720564959,13,8.8,6.5,8.1,7.0,3.9,6.2,0.0
RA-15302024,2026-03-06 11:33:59.499006+00:00,4.639153571,13,0.0,2.5,8.1,7.0,2.8,5.3,0.0
RA-5552024,2026-03-06 11:33:59.499006+00:00,5.111470186,14,10.0,2.8,6.9,5.0,4.3,5.0,1.0
RA-15312024,2026-03-06 11:33:59.499006+00:00,7.049179013,14,8.8,8.0,7.5,7.3,5.8,7.1,1.0
RA-10992024,2026-03-06 11:33:59.499006+00:00,7.332483333,14,8.3,8.1,10.0,7.8,3.8,6.6,0.0
RA-11542024,2026-03-06 11:33:59.499006+00:00,7.566075,14,7.9,9.2,7.5,7.3,8.0,6.7,1.0
RA-3812024,2026-03-06 11:33:59.499006+00:00,5.940775,15,8.3,6.1,7.5,6.7,3.7,6.1,1.0
RA-3642024,2026-03-06 11:33:59.499006+00:00,8.269703758,13,8.8,9.5,7.5,8.0,7.5,7.2,0.0
RA-5392024,2026-03-06 11:33:59.499006+00:00,8.465533333,13,10.0,9.2,7.5,8.8,5.8,9.1,0.0
RA-5732024,2026-03-06 11:33:59.499006+00:00,7.83905,13,9.2,9.5,8.8,7.8,5.0,6.8,0.0
RA-11072024,2026-03-06 11:33:59.499006+00:00,5.9731,13,8.8,6.2,2.5,7.5,2.5,6.8,0.0
RA-3682024,2026-03-06 11:33:59.499006+00:00,6.782158333,15,7.9,6.2,7.5,7.7,7.0,6.7,1.0
RA-3872024,2026-03-06 11:33:59.499006+00:00,6.1255,15,7.5,7.2,7.5,6.3,4.3,6.0,1.0
RA-5562024,2026-03-06 11:33:59.499006+00:00,5.833377381,13,7.1,6.2,2.5,6.4,3.8,6.2,0.0
RA-3892024,2026-03-06 11:33:59.499006+00:00,7.207955128,13,9.6,6.7,8.8,6.6,5.2,6.7,0.0
RA-3902024,2026-03-06 11:33:59.499006+00:00,6.547223684,13,7.5,6.1,8.8,6.6,4.2,6.1,0.0
RA-3762024,2026-03-06 11:33:59.499006+00:00,5.896573589,14,10.0,8.3,2.5,6.6,2.8,6.3,1.0
RA-5842024,2026-03-06 11:33:59.499006+00:00,6.752914394,12,8.8,5.6,8.8,7.3,4.3,6.4,0.0
RA-5352024,2026-03-06 11:33:59.499006+00:00,7.659555952,12,9.2,7.2,8.1,8.0,6.0,7.5,0.0
RA-5472024,2026-03-06 11:33:59.499006+00:00,7.210290672,13,8.8,7.0,8.1,5.6,6.8,5.9,0.0
RA-5572024,2026-03-06 11:33:59.499006+00:00,9.350986466,12,10.0,8.8,7.5,10.0,9.7,9.6,0.0
RA-5482024,2026-03-06 11:33:59.499006+00:00,7.240168803,13,9.2,7.6,7.5,5.9,6.7,5.6,0.0
RA-15322024,2026-03-06 11:33:59.499006+00:00,4.548544781,15,0.0,3.9,7.5,7.5,2.0,6.8,1.0
RA-5382024,2026-03-06 11:33:59.499006+00:00,6.514094017,14,8.8,7.7,7.5,5.6,6.2,5.3,1.0
RA-5632024,2026-03-06 11:33:59.499006+00:00,8.595447619,12,9.2,9.5,8.1,8.1,8.3,7.5,0.0
RA-11572024,2026-03-06 11:33:59.499006+00:00,7.916082937,15,9.6,9.1,7.5,8.0,7.0,8.5,1.0
RA-2582024,2026-03-06 11:33:59.499006+00:00,6.429063889,13,7.1,6.9,7.5,7.3,2.5,6.7,0.0
RA-3692024,2026-03-06 11:33:59.499006+00:00,5.667282265,13,8.8,4.9,7.5,6.4,1.7,5.4,0.0
RA-3752024,2026-03-06 11:33:59.499006+00:00,7.970034615,13,9.6,9.4,7.5,7.2,6.8,6.4,0.0
RA-15332024,2026-03-06 11:33:59.499006+00:00,9.089828986,14,9.2,9.7,8.1,8.5,9.5,8.3,0.0
RA-15342024,2026-03-06 11:33:59.499006+00:00,7.188366667,13,7.9,9.7,8.1,8.0,1.2,8.1,0.0
RA-11602024,2026-03-06 11:33:59.499006+00:00,6.274190982,14,8.8,8.2,7.5,6.3,3.2,6.2,1.0
RA-5622024,2026-03-06 11:33:59.499006+00:00,8.392733333,13,8.3,9.8,8.1,7.6,7.8,7.3,0.0
RA-11122024,2026-03-06 11:33:59.499006+00:00,6.856082394,13,9.6,9.0,8.1,5.4,4.0,4.7,0.0
RA-15352024,2026-03-06 11:33:59.499006+00:00,7.10939097,13,8.8,5.1,7.5,7.1,5.8,7.9,0.0
RA-15362024,2026-03-06 11:33:59.499006+00:00,7.653744444,15,9.2,8.7,8.1,7.9,7.0,7.5,1.0
RA-3572024,2026-03-06 11:33:59.499006+00:00,7.731569404,14,8.8,9.0,8.1,7.9,7.7,7.1,1.0
RA-5832024,2026-03-06 11:33:59.499006+00:00,7.447591036,14,7.9,8.9,8.1,6.9,5.0,6.9,0.0
RA-15372024,2026-03-06 11:33:59.499006+00:00,8.176263231,14,9.2,8.3,8.1,8.1,8.7,8.7,1.0
RA-11312024,2026-03-06 11:33:59.499006+00:00,8.288955556,13,8.3,9.3,6.3,7.3,8.3,7.9,0.0
RA-4032024,2026-03-06 11:33:59.499006+00:00,8.008488889,14,8.8,7.4,7.5,8.5,7.7,7.6,0.0
RA-4692024,2026-03-06 11:33:59.499006+00:00,7.684639869,13,9.2,9.5,7.5,7.3,5.0,6.9,0.0
RA-11212024,2026-03-06 11:33:59.499006+00:00,8.407166667,12,9.6,10.0,7.5,7.1,6.7,8.3,0.0
RA-4222024,2026-03-06 11:33:59.499006+00:00,5.544981481,14,7.5,6.2,7.5,6.5,2.8,5.5,1.0
RA-15392024,2026-03-06 11:33:59.499006+00:00,7.709588889,13,6.7,9.0,6.9,7.7,6.8,7.1,0.0
RA-6182024,2026-03-06 11:33:59.499006+00:00,6.718348148,15,10.0,8.3,6.9,6.7,4.2,6.8,1.0
RA-6692024,2026-03-06 11:33:59.499006+00:00,6.64387037,12,7.5,4.9,7.5,7.3,5.3,6.9,0.0
RA-4082024,2026-03-06 11:33:59.499006+00:00,6.52762963,14,7.5,5.0,7.5,7.1,4.8,6.8,0.0
RA-4092024,2026-03-06 11:33:59.499006+00:00,8.225462963,13,9.6,9.2,7.5,7.9,7.2,7.2,0.0
RA-4642024,2026-03-06 11:33:59.499006+00:00,6.872009064,15,9.2,7.9,8.8,7.2,4.3,7.1,1.0
RA-11652024,2026-03-06 11:33:59.499006+00:00,7.908044272,13,8.8,6.8,8.1,6.9,8.0,7.8,0.0
RA-4662024,2026-03-06 11:33:59.499006+00:00,6.778749123,15,8.8,7.2,8.8,7.5,4.0,7.7,1.0
RA-4142024,2026-03-06 11:33:59.499006+00:00,7.187625926,14,7.9,8.4,7.5,6.3,6.0,5.7,0.0
RA-4012024,2026-03-06 11:33:59.499006+00:00,6.728911404,14,6.7,6.8,6.9,6.6,4.8,6.9,0.0
RA-11412024,2026-03-06 11:33:59.499006+00:00,6.793890867,13,9.6,6.2,7.5,6.6,4.2,6.8,0.0
RA-4742024,2026-03-06 11:33:59.499006+00:00,6.024753704,15,9.2,5.8,7.5,7.2,3.0,6.9,1.0
RA-6022024,2026-03-06 11:33:59.499006+00:00,8.647409314,13,9.6,9.7,7.5,8.3,7.3,8.5,0.0
RA-6662024,2026-03-06 11:33:59.499006+00:00,8.185838803,12,10.0,7.9,7.5,7.5,7.2,8.4,0.0
RA-4762024,2026-03-06 11:33:59.499006+00:00,6.735998246,14,7.9,6.6,7.5,6.3,4.5,6.7,0.0
RA-4232024,2026-03-06 11:33:59.499006+00:00,6.616193705,14,5.8,6.5,8.1,6.9,4.3,6.8,0.0
RA-6312024,2026-03-06 11:33:59.499006+00:00,6.79567342,14,8.3,7.2,8.8,5.6,4.2,6.2,0.0
RA-15402024,2026-03-06 11:33:59.499006+00:00,5.696233333,14,8.3,5.0,7.5,7.1,2.7,6.8,1.0
RA-15412024,2026-03-06 11:33:59.499006+00:00,8.337,13,9.2,8.6,6.9,8.3,8.2,7.7,0.0
RA-11142024,2026-03-06 11:33:59.499006+00:00,7.437466667,12,8.8,9.5,2.5,8.4,5.0,7.8,0.0
RA-6622024,2026-03-06 11:33:59.499006+00:00,7.107477855,13,7.9,7.6,7.5,7.6,4.2,7.2,0.0
RA-7602024,2026-03-06 11:33:59.499006+00:00,6.942581818,13,9.2,7.1,7.5,6.3,5.0,6.2,0.0
RA-15422024,2026-03-06 11:33:59.499006+00:00,6.088607992,16,7.5,6.3,8.1,7.4,3.2,7.0,1.0
RA-4042024,2026-03-06 11:33:59.499006+00:00,6.624588235,14,8.3,6.3,2.5,7.5,5.7,7.0,0.0
RA-11192024,2026-03-06 11:33:59.499006+00:00,7.388266667,14,9.6,8.7,7.5,7.6,5.7,7.7,1.0
RA-11162024,2026-03-06 11:33:59.499006+00:00,3.789477778,15,0.0,3.4,6.3,5.1,2.3,5.1,1.0
RA-6672024,2026-03-06 11:33:59.499006+00:00,7.177130604,13,9.2,7.0,7.5,7.8,4.7,7.0,0.0
RA-6052024,2026-03-06 11:33:59.499006+00:00,6.017522222,13,7.5,6.2,6.9,7.0,2.7,5.5,0.0
RA-15432024,2026-03-06 11:33:59.499006+00:00,6.754584615,14,7.5,8.1,7.5,7.3,5.0,7.1,1.0
RA-11182024,2026-03-06 11:33:59.499006+00:00,7.030554592,14,7.1,7.8,9.4,6.8,3.8,6.9,0.0
RA-15442024,2026-03-06 11:33:59.499006+00:00,6.905568627,14,8.3,8.7,6.9,6.6,5.8,6.6,1.0
RA-15452024,2026-03-06 11:33:59.499006+00:00,7.296598576,12,7.5,6.2,8.1,6.3,8.2,6.2,0.0
RA-11272024,2026-03-06 11:33:59.499006+00:00,8.180966667,12,9.2,10.0,7.5,8.1,5.8,7.7,0.0
RA-11292024,2026-03-06 11:33:59.499006+00:00,7.360417647,12,9.2,7.1,8.1,6.9,6.8,5.7,0.0
RA-15462024,2026-03-06 11:33:59.499006+00:00,6.900662108,14,8.3,6.4,8.8,7.5,4.7,6.2,0.0
RA-11302024,2026-03-06 11:33:59.499006+00:00,6.563952941,12,8.8,6.3,8.1,6.9,4.3,5.3,0.0
RA-11682024,2026-03-06 11:33:59.499006+00:00,6.864053922,14,9.6,7.7,7.5,7.2,5.7,6.3,1.0
RA-6132024,2026-03-06 11:33:59.499006+00:00,7.4019,15,8.3,9.6,7.5,6.9,7.3,6.3,1.0
RA-4332024,2026-03-06 11:33:59.499006+00:00,7.218157143,14,7.9,8.4,8.1,6.9,4.8,6.4,0.0
RA-15472024,2026-03-06 11:33:59.499006+00:00,6.748480627,14,7.9,6.5,8.1,7.5,6.7,6.3,1.0
RA-15482024,2026-03-06 11:33:59.499006+00:00,6.482499715,13,8.3,5.2,7.5,7.5,4.8,5.7,0.0
RA-15492024,2026-03-06 11:33:59.499006+00:00,6.5148622,15,9.6,7.4,7.5,7.2,4.2,6.3,1.0
RA-6322024,2026-03-06 11:33:59.499006+00:00,7.515491249,12,7.9,9.0,6.9,8.3,4.2,7.9,0.0
RA-6332024,2026-03-06 11:33:59.499006+00:00,5.228470175,13,4.6,4.7,2.5,6.9,3.3,6.1,0.0
RA-6462024,2026-03-06 11:33:59.499006+00:00,7.715491667,14,10.0,9.3,7.5,8.3,6.2,7.7,1.0
RA-15502024,2026-03-06 11:33:59.499006+00:00,6.064236111,15,9.6,5.2,7.5,7.0,4.3,6.2,1.0
RA-4442024,2026-03-06 11:33:59.499006+00:00,5.410188638,14,8.3,6.4,2.5,6.3,3.7,6.0,1.0
RA-4452024,2026-03-06 11:33:59.499006+00:00,7.341624603,14,7.9,8.7,7.5,7.8,4.0,7.4,0.0
RA-6392024,2026-03-06 11:33:59.499006+00:00,5.769380764,12,7.9,5.3,2.5,6.7,3.8,6.2,0.0
RA-11422024,2026-03-06 11:33:59.499006+00:00,8.390566667,12,8.3,9.1,7.5,8.1,8.5,7.3,0.0
RA-15512024,2026-03-06 11:33:59.499006+00:00,5.971708754,15,9.6,4.8,7.5,7.5,3.5,6.8,1.0
RA-4582024,2026-03-06 11:33:59.499006+00:00,5.680161508,15,8.8,3.7,6.9,7.0,4.0,6.8,1.0
RA-15522024,2026-03-06 11:33:59.499006+00:00,7.443301282,13,9.6,9.7,7.5,7.2,3.2,7.2,0.0
RA-11702024,2026-03-06 11:33:59.499006+00:00,6.095440873,15,9.2,5.6,8.1,7.0,3.5,6.7,1.0
RA-6422024,2026-03-06 11:33:59.499006+00:00,7.08259127,12,9.6,9.1,3.8,7.2,4.0,7.0,0.0
RA-15532024,2026-03-06 11:33:59.499006+00:00,7.641184314,13,8.3,9.0,7.5,8.3,4.3,7.8,0.0
RA-15542024,2026-03-06 11:33:59.499006+00:00,6.941692593,15,6.7,9.6,8.8,7.3,4.0,7.2,1.0
RA-6492024,2026-03-06 11:33:59.499006+00:00,6.985329692,14,8.8,6.0,8.8,8.3,3.7,7.3,0.0
RA-11362024,2026-03-06 11:33:59.499006+00:00,5.458179832,14,8.8,4.5,8.1,7.5,1.7,6.4,1.0
RA-6532024,2026-03-06 11:33:59.499006+00:00,8.103217647,13,8.8,9.5,8.8,8.3,5.2,7.9,0.0
RA-4562024,2026-03-06 11:33:59.499006+00:00,8.331124561,13,7.1,9.4,7.5,9.2,6.5,8.9,0.0
RA-6552024,2026-03-06 11:33:59.499006+00:00,8.2386,14,7.5,10.0,8.8,8.1,6.8,7.2,0.0
RA-6562024,2026-03-06 11:33:59.499006+00:00,6.668152941,13,9.2,6.0,7.5,7.5,4.2,6.1,0.0
RA-6572024,2026-03-06 11:33:59.499006+00:00,8.207433333,13,8.8,9.6,6.9,8.1,7.5,7.1,0.0
RA-15552024,2026-03-06 11:33:59.499006+00:00,7.482733333,13,8.3,10.0,6.3,8.1,3.0,8.1,0.0
RA-4612024,2026-03-06 11:33:59.499006+00:00,7.544755929,13,8.8,9.2,7.5,7.7,4.5,7.1,0.0
RA-3982024,2026-03-06 11:33:59.499006+00:00,7.2458,12,7.1,5.7,7.5,7.3,8.0,6.6,0.0
RA-6232024,2026-03-06 11:33:59.499006+00:00,6.357733333,15,8.3,7.4,6.9,6.5,4.0,7.1,1.0
RA-6262024,2026-03-06 11:33:59.499006+00:00,6.407590226,13,9.6,3.4,6.9,7.3,5.3,6.4,0.0
RA-15562024,2026-03-06 11:33:59.499006+00:00,6.666811111,14,7.9,5.2,7.5,7.9,4.0,7.4,0.0
RA-4552024,2026-03-06 11:33:59.499006+00:00,7.098988889,14,8.8,6.1,8.1,8.3,4.5,7.3,0.0
RA-6142024,2026-03-06 11:33:59.499006+00:00,7.8285,14,9.6,9.7,7.5,7.9,6.8,7.6,1.0
RA-4342024,2026-03-06 11:33:59.499006+00:00,6.610947619,13,7.1,5.1,7.5,7.3,5.5,6.6,0.0
RA-6032024,2026-03-06 11:33:59.499006+00:00,6.942277778,12,9.6,7.2,6.9,6.9,4.7,6.2,0.0
RA-6162024,2026-03-06 11:33:59.499006+00:00,5.457877193,14,7.5,3.1,6.9,6.5,3.8,4.9,0.0
RA-11342024,2026-03-06 11:33:59.499006+00:00,7.756457143,12,8.8,8.9,7.5,7.7,6.0,6.9,0.0
RA-15572024,2026-03-06 11:33:59.499006+00:00,8.2285,14,9.6,8.9,7.5,7.9,7.0,7.7,0.0
RA-6202024,2026-03-06 11:33:59.499006+00:00,5.766892064,14,8.3,4.0,7.5,7.1,2.5,5.9,0.0
RA-11492024,2026-03-06 11:33:59.499006+00:00,8.1371,15,8.3,10.0,10.0,8.6,6.0,8.7,1.0
RA-15582024,2026-03-06 11:33:59.499006+00:00,7.643772048,16,9.2,8.7,8.8,8.5,5.5,8.3,1.0
RA-15592024,2026-03-06 11:33:59.499006+00:00,6.330428438,15,7.9,5.3,6.9,8.4,4.7,7.6,1.0
RA-11532024,2026-03-06 11:33:59.499006+00:00,8.26887619,15,8.8,9.7,5.6,8.8,8.5,9.1,1.0
RA-1832024,2026-03-06 11:33:59.499006+00:00,8.266902372,15,7.9,9.2,6.3,8.3,7.5,8.4,0.0
RA-1992024,2026-03-06 11:33:59.499006+00:00,7.419398246,15,8.3,7.6,6.9,8.1,7.2,8.2,1.0
RA-15612024,2026-03-06 11:33:59.499006+00:00,7.940220635,16,9.6,9.2,5.0,8.0,9.0,7.7,1.0
RA-3362024,2026-03-06 11:33:59.499006+00:00,6.834286748,15,7.5,5.5,6.3,7.5,5.8,7.2,0.0
RA-3972024,2026-03-06 11:33:59.499006+00:00,6.807291922,16,7.9,7.9,5.6,7.6,5.7,7.4,1.0
RA-3382024,2026-03-06 11:33:59.499006+00:00,8.052795331,14,9.2,7.4,7.5,7.6,6.8,8.8,0.0
RA-3922024,2026-03-06 11:33:59.499006+00:00,4.363946336,16,9.6,5.4,5.6,3.5,1.0,3.5,1.0
RA-15622024,2026-03-06 11:33:59.499006+00:00,5.458833333,16,6.3,8.7,5.0,6.3,0.5,6.9,1.0
RA-15632024,2026-03-06 11:33:59.499006+00:00,7.604211111,15,8.8,8.3,7.5,7.3,7.0,8.5,1.0
RA-15642024,2026-03-06 11:33:59.499006+00:00,5.076146881,15,8.3,4.9,6.9,5.8,2.2,5.3,1.0
RA-15652024,2026-03-06 11:33:59.499006+00:00,5.816448179,16,0.0,8.1,7.5,6.4,5.5,6.0,1.0
RA-15662024,2026-03-06 11:33:59.499006+00:00,7.759243871,17,9.2,9.2,7.5,7.8,6.5,8.3,1.0
RA-15672024,2026-03-06 11:33:59.499006+00:00,7.913942088,16,8.3,8.8,7.5,7.8,8.2,8.3,1.0
RA-15682024,2026-03-06 11:33:59.499006+00:00,7.800326144,15,9.2,7.5,7.5,8.0,8.2,8.5,1.0
RA-2472024,2026-03-06 11:33:59.499006+00:00,6.64648574,14,0.0,8.3,6.3,7.8,4.3,8.6,0.0
RA-2042024,2026-03-06 11:33:59.499006+00:00,7.838218895,15,9.2,6.8,6.3,7.1,7.5,8.6,0.0
RA-15692024,2026-03-06 11:33:59.499006+00:00,5.719155556,17,6.7,7.1,6.3,6.9,2.2,6.9,1.0
RA-15702024,2026-03-06 11:33:59.499006+00:00,7.894084175,16,9.6,7.5,7.5,7.8,8.3,8.7,1.0
RA-15712024,2026-03-06 11:33:59.499006+00:00,7.248455556,16,8.3,9.1,5.0,7.5,5.7,8.5,1.0
RA-15722024,2026-03-06 11:33:59.499006+00:00,8.080345635,15,9.2,9.8,7.5,7.7,7.5,8.4,1.0
RA-11502024,2026-03-06 11:33:59.499006+00:00,7.102321296,17,8.3,6.5,7.5,7.7,6.8,7.9,1.0
RA-15732024,2026-03-06 11:33:59.499006+00:00,6.743847969,16,9.2,6.1,6.3,7.7,5.0,8.6,1.0
RA-15742024,2026-03-06 11:33:59.499006+00:00,7.77724418,16,8.8,8.4,7.5,7.8,7.3,8.6,1.0
RA-15752024,2026-03-06 11:33:59.499006+00:00,7.318459391,16,9.2,8.6,6.9,7.7,5.3,8.3,1.0
RA-10812024,2026-03-06 11:33:59.499006+00:00,8.545295238,15,6.7,9.5,5.0,9.2,8.8,9.0,0.0
RA-3422024,2026-03-06 11:33:59.499006+00:00,6.757026587,16,8.8,7.7,6.3,7.7,4.5,7.7,1.0
RA-15762024,2026-03-06 11:33:59.499006+00:00,7.463620238,16,8.3,9.5,5.6,6.4,6.7,8.4,1.0
RA-1872024,2026-03-06 11:33:59.499006+00:00,8.568424074,14,8.8,9.5,5.6,8.4,7.8,9.1,0.0
RA-15772024,2026-03-06 11:33:59.499006+00:00,6.305585582,16,10.0,5.0,7.5,7.3,4.3,7.3,1.0
RA-2362024,2026-03-06 11:33:59.499006+00:00,6.98083374,14,9.2,7.9,6.3,6.9,4.5,6.4,0.0
RA-2492024,2026-03-06 11:33:59.499006+00:00,6.125104329,16,7.1,6.6,5.0,6.8,5.0,7.1,1.0
RA-3822024,2026-03-06 11:33:59.499006+00:00,5.805712281,16,9.2,6.3,5.6,6.8,3.0,6.4,1.0
RA-11552024,2026-03-06 11:33:59.499006+00:00,7.119011111,15,8.3,8.9,5.0,8.0,4.7,8.9,1.0
RA-3842024,2026-03-06 11:33:59.499006+00:00,8.072200721,14,7.5,8.6,7.5,7.6,7.5,7.9,0.0
RA-3882024,2026-03-06 11:33:59.499006+00:00,5.965307936,16,7.5,6.3,7.5,6.8,4.3,5.8,1.0
RA-2602024,2026-03-06 11:33:59.499006+00:00,8.448920635,15,8.8,9.7,7.5,7.9,7.0,8.5,0.0
RA-2622024,2026-03-06 11:33:59.499006+00:00,5.806145462,17,7.9,4.9,7.5,7.0,4.2,6.3,1.0
RA-15792024,2026-03-06 11:33:59.499006+00:00,7.894385711,16,8.8,9.1,5.6,8.5,7.2,9.3,1.0
RA-15802024,2026-03-06 11:33:59.499006+00:00,7.790523996,16,8.8,9.0,7.5,7.9,6.2,9.2,1.0
RA-3772024,2026-03-06 11:33:59.499006+00:00,7.480115873,14,9.2,7.7,7.5,7.1,5.2,7.6,0.0
RA-2502024,2026-03-06 11:33:59.499006+00:00,9.049892593,14,9.2,9.6,6.9,9.0,9.2,9.0,0.0
RA-15812024,2026-03-06 11:33:59.499006+00:00,6.978702286,16,8.3,7.8,6.3,7.1,6.3,7.4,1.0
RA-15822024,2026-03-06 11:33:59.499006+00:00,6.472788889,15,8.3,8.1,6.3,6.7,4.5,6.7,1.0
RA-15832024,2026-03-06 11:33:59.499006+00:00,7.819757971,15,7.9,7.8,6.3,9.2,8.2,9.0,1.0
RA-4502024,2026-03-06 11:33:59.499006+00:00,7.526188207,15,8.8,9.0,5.6,7.8,7.5,7.6,1.0
RA-4262024,2026-03-06 11:33:59.499006+00:00,6.643003019,15,7.9,7.9,4.4,7.7,4.8,8.0,1.0
RA-15842024,2026-03-06 11:33:59.499006+00:00,7.429837831,15,8.3,9.2,7.5,7.8,5.5,8.2,1.0
RA-3132024,2026-03-06 11:33:59.499006+00:00,7.25285,15,8.8,9.7,5.6,7.8,4.8,8.2,1.0
RA-4672024,2026-03-06 11:33:59.499006+00:00,7.729811842,15,7.9,9.1,5.0,7.3,6.8,7.5,0.0
RA-15852024,2026-03-06 11:33:59.499006+00:00,6.730367017,15,10.0,6.8,7.5,7.7,4.0,7.8,1.0
RA-4322024,2026-03-06 11:33:59.499006+00:00,7.167975,16,7.5,10.0,6.3,7.3,5.5,7.3,1.0
RA-15862024,2026-03-06 11:33:59.499006+00:00,6.555764327,15,10.0,6.1,5.0,6.9,5.7,7.5,1.0
RA-4702024,2026-03-06 11:33:59.499006+00:00,6.981130848,15,9.6,8.0,7.5,7.0,3.3,6.5,0.0
RA-4172024,2026-03-06 11:33:59.499006+00:00,8.533628558,14,8.3,8.4,7.5,8.4,8.8,8.3,0.0
RA-4072024,2026-03-06 11:33:59.499006+00:00,7.087512817,15,8.3,7.6,6.3,8.0,3.7,7.9,0.0
RA-15872024,2026-03-06 11:33:59.499006+00:00,7.34055,16,9.2,10.0,7.5,7.8,3.8,8.2,1.0
RA-15882024,2026-03-06 11:33:59.499006+00:00,7.303823728,14,7.9,8.6,7.5,7.5,4.0,7.4,0.0
RA-4242024,2026-03-06 11:33:59.499006+00:00,7.341187281,14,8.3,9.6,7.5,7.3,3.3,7.2,0.0
RA-11932024,2026-03-06 11:33:59.499006+00:00,6.630481579,15,8.8,7.8,5.6,7.8,4.0,7.8,1.0
RA-4112024,2026-03-06 11:33:59.499006+00:00,7.279762963,14,7.1,9.1,5.6,7.3,4.8,7.4,0.0
RA-4122024,2026-03-06 11:33:59.499006+00:00,8.04437807,14,8.3,8.5,6.3,8.0,7.3,8.1,0.0
RA-4282024,2026-03-06 11:33:59.499006+00:00,7.534949123,14,9.2,8.9,5.6,7.5,5.0,7.6,0.0
RA-3152024,2026-03-06 11:33:59.499006+00:00,6.07687037,15,0.0,5.9,7.5,7.5,6.8,7.6,1.0
RA-3012024,2026-03-06 11:33:59.499006+00:00,8.410830702,15,9.2,7.5,7.5,8.0,9.0,8.2,0.0
RA-11632024,2026-03-06 11:33:59.499006+00:00,8.679478947,15,8.3,9.8,7.5,8.1,7.8,8.8,0.0
RA-4022024,2026-03-06 11:33:59.499006+00:00,5.683064815,14,7.5,3.1,6.3,6.4,4.2,6.1,0.0
RA-15892024,2026-03-06 11:33:59.499006+00:00,5.260851852,15,0.0,6.3,7.5,7.5,2.5,7.5,1.0
RA-11622024,2026-03-06 11:33:59.499006+00:00,7.473167836,14,7.9,9.1,6.3,6.9,5.7,7.0,0.0
RA-4712024,2026-03-06 11:33:59.499006+00:00,6.635847118,14,0.0,7.0,7.5,7.7,5.5,8.0,0.0
RA-3032024,2026-03-06 11:33:59.499006+00:00,6.24434269,16,8.8,4.0,7.5,6.9,5.7,7.5,1.0
RA-11662024,2026-03-06 11:33:59.499006+00:00,7.452799123,16,8.3,8.5,6.3,8.0,6.3,8.6,1.0
RA-4252024,2026-03-06 11:33:59.499006+00:00,9.016616667,14,10.0,10.0,6.3,8.2,9.0,8.8,0.0
RA-15902024,2026-03-06 11:33:59.499006+00:00,8.190787509,15,7.9,8.3,7.5,10.0,8.7,8.8,1.0
RA-15912024,2026-03-06 11:33:59.499006+00:00,6.170795286,16,7.1,6.4,7.5,8.1,3.5,7.1,1.0
RA-2732024,2026-03-06 11:33:59.499006+00:00,6.59913078,16,9.2,7.3,6.3,8.1,4.5,6.9,1.0
RA-15922024,2026-03-06 11:33:59.499006+00:00,6.81254548,15,7.9,6.9,7.5,8.1,5.5,7.4,1.0
RA-3052024,2026-03-06 11:33:59.499006+00:00,6.693026812,16,8.3,7.9,6.3,7.8,4.8,7.0,1.0
RA-11692024,2026-03-06 11:33:59.499006+00:00,6.885305556,15,6.3,8.4,5.6,7.8,6.8,6.8,1.0
RA-15932024,2026-03-06 11:33:59.499006+00:00,6.638525017,15,6.2,4.9,6.3,9.1,6.5,8.5,1.0
RA-15942024,2026-03-06 11:33:59.499006+00:00,5.731267288,16,9.6,6.1,6.3,6.3,3.0,6.0,1.0
RA-2832024,2026-03-06 11:33:59.499006+00:00,7.944430952,16,8.8,9.8,6.9,7.8,8.0,7.7,1.0
RA-4592024,2026-03-06 11:33:59.499006+00:00,7.233804589,14,7.9,8.5,5.6,7.8,4.7,7.4,0.0
RA-4542024,2026-03-06 11:33:59.499006+00:00,5.852294347,17,9.6,6.6,6.3,5.4,3.7,5.8,1.0
RA-15952024,2026-03-06 11:33:59.499006+00:00,6.659930423,14,8.3,7.9,6.3,7.4,2.3,7.0,0.0
RA-15962024,2026-03-06 11:33:59.499006+00:00,7.261016667,17,8.8,10.0,7.5,8.2,3.3,8.2,1.0
RA-1702024,2026-03-06 11:33:59.499006+00:00,7.646383333,16,9.2,8.5,5.6,7.6,8.0,8.0,1.0
RA-15972024,2026-03-06 11:33:59.499006+00:00,6.718706349,16,7.5,8.4,7.5,8.1,2.8,8.3,1.0
RA-11712024,2026-03-06 11:33:59.499006+00:00,7.623681746,15,8.3,7.2,7.5,8.6,7.5,8.6,1.0
RA-1162024,2026-03-06 11:33:59.499006+00:00,6.337470707,18,8.3,7.5,5.6,6.9,4.5,6.7,1.0
RA-2172024,2026-03-06 11:33:59.499006+00:00,7.42091645,17,8.3,8.9,6.3,7.1,7.8,7.0,1.0
RA-1032024,2026-03-06 11:33:59.499006+00:00,8.775268254,15,8.3,9.6,6.3,7.9,9.2,8.9,0.0
RA-1782024,2026-03-06 11:33:59.499006+00:00,7.234168831,16,9.6,8.7,6.3,7.6,4.2,6.5,0.0
RA-11722024,2026-03-06 11:33:59.499006+00:00,5.719565079,17,7.5,6.1,6.3,7.3,3.3,6.2,1.0
RA-1812024,2026-03-06 11:33:59.499006+00:00,7.439841414,15,7.5,8.7,6.3,7.6,4.3,8.4,0.0
RA-1212024,2026-03-06 11:33:59.499006+00:00,7.476158297,17,8.8,8.2,6.3,7.3,8.8,6.8,1.0
RA-2112024,2026-03-06 11:33:59.499006+00:00,8.283601876,15,9.6,9.4,7.5,7.3,7.0,7.9,0.0
RA-11982024,2026-03-06 11:33:59.499006+00:00,6.921774892,17,8.8,9.5,7.5,7.4,3.5,7.3,1.0
RA-1102024,2026-03-06 11:33:59.499006+00:00,8.632493939,16,9.2,9.7,6.3,7.5,8.5,8.5,0.0
RA-1892024,2026-03-06 11:33:59.499006+00:00,8.586533333,15,10.0,10.0,6.3,6.9,8.2,8.2,0.0
RA-1272024,2026-03-06 11:33:59.499006+00:00,8.560593939,16,8.8,9.5,7.5,7.6,7.8,8.5,0.0
RA-1152024,2026-03-06 11:33:59.499006+00:00,5.404184696,17,7.9,4.2,6.3,6.8,4.2,5.7,1.0
RA-2152024,2026-03-06 11:33:59.499006+00:00,7.045258874,15,7.1,6.5,6.3,8.0,5.7,7.4,0.0
RA-15982024,2026-03-06 11:33:59.499006+00:00,8.465628571,15,9.6,8.9,7.5,8.4,7.5,8.2,0.0
RA-11742024,2026-03-06 11:33:59.499006+00:00,7.37421342,16,8.8,8.3,6.3,7.5,5.0,7.3,0.0
RA-1922024,2026-03-06 11:33:59.499006+00:00,6.882960606,17,8.3,6.4,7.5,7.1,7.2,6.9,1.0
RA-2202024,2026-03-06 11:33:59.499006+00:00,7.698777056,15,8.8,8.2,6.3,7.3,6.8,7.3,0.0
RA-11812024,2026-03-06 11:33:59.499006+00:00,6.201581674,15,9.2,5.0,6.3,7.1,3.8,5.9,0.0
RA-15992024,2026-03-06 11:33:59.499006+00:00,7.605933333,17,8.3,9.7,7.5,7.8,6.5,7.6,1.0
RA-1112024,2026-03-06 11:33:59.499006+00:00,8.667693939,15,9.2,9.5,6.3,8.1,8.3,8.7,0.0
RA-16002024,2026-03-06 11:33:59.499006+00:00,6.750618519,17,8.8,8.4,6.3,7.3,5.7,6.0,1.0
RA-16012024,2026-03-06 11:33:59.499006+00:00,7.2431,17,8.8,7.0,7.5,7.5,6.5,8.3,1.0
RA-16022024,2026-03-06 11:33:59.499006+00:00,8.041889815,15,7.9,8.8,7.5,7.3,7.2,7.9,0.0
RA-16032024,2026-03-06 11:33:59.499006+00:00,7.836518518,16,7.5,9.3,7.5,7.5,8.3,7.8,1.0
RA-16042024,2026-03-06 11:33:59.499006+00:00,8.011855556,16,9.2,7.8,7.5,8.1,8.5,8.9,1.0
RA-1972024,2026-03-06 11:33:59.499006+00:00,8.568238636,14,7.5,9.8,6.3,8.0,8.3,8.8,0.0
RA-2022024,2026-03-06 11:33:59.499006+00:00,7.351215476,16,8.3,7.9,6.3,7.7,7.5,7.8,1.0
RA-11772024,2026-03-06 11:33:59.499006+00:00,8.323303947,15,8.8,9.8,6.3,7.7,7.3,8.1,0.0
RA-1462024,2026-03-06 11:33:59.499006+00:00,8.134554885,17,8.8,9.5,5.6,7.7,9.3,8.3,1.0
RA-11992024,2026-03-06 11:33:59.499006+00:00,7.614235714,18,7.5,8.6,5.0,6.6,9.0,8.5,1.0
RA-11782024,2026-03-06 11:33:59.499006+00:00,8.093474603,17,8.8,9.7,6.3,7.5,8.3,8.7,1.0
RA-1492024,2026-03-06 11:33:59.499006+00:00,5.731617385,17,9.6,4.1,6.3,7.3,3.8,6.6,1.0
RA-16052024,2026-03-06 11:33:59.499006+00:00,4.920488889,16,0.0,5.1,7.5,7.5,2.5,7.0,1.0
RA-1072024,2026-03-06 11:33:59.499006+00:00,6.676130827,16,7.5,8.0,7.5,7.5,4.7,7.0,1.0
RA-16062024,2026-03-06 11:33:59.499006+00:00,5.82167963,17,8.3,5.1,7.5,7.8,2.5,7.1,1.0
RA-16072024,2026-03-06 11:33:59.499006+00:00,4.899894444,16,5.8,6.2,5.6,6.6,0.0,6.8,1.0
RA-16082024,2026-03-06 11:33:59.499006+00:00,7.072539815,15,8.8,7.2,7.5,6.4,5.0,6.8,0.0
RA-11732024,2026-03-06 11:33:59.499006+00:00,8.220132916,15,9.2,9.7,7.5,8.1,5.8,8.2,0.0
RA-2372024,2026-03-06 11:33:59.499006+00:00,7.931384271,16,8.8,9.7,6.3,7.9,7.7,8.3,1.0
RA-1472024,2026-03-06 11:33:59.499006+00:00,7.400477922,16,8.3,9.3,7.5,7.5,6.2,7.4,1.0
RA-1312024,2026-03-06 11:33:59.499006+00:00,7.263155556,17,8.8,9.4,7.5,7.7,5.0,7.4,1.0
RA-16092024,2026-03-06 11:33:59.499006+00:00,7.577233333,17,8.3,9.7,7.5,7.7,6.0,7.9,1.0
RA-1372024,2026-03-06 11:33:59.499006+00:00,6.576761183,18,9.6,7.6,5.0,4.8,6.8,6.3,1.0
RA-11842024,2026-03-06 11:33:59.499006+00:00,7.411701732,17,6.7,8.7,7.5,7.3,7.7,7.5,1.0
RA-1382024,2026-03-06 11:33:59.499006+00:00,7.386027417,17,9.6,8.8,7.5,7.7,5.8,7.4,1.0
RA-16102024,2026-03-06 11:33:59.499006+00:00,6.702372928,17,9.2,7.8,7.5,7.3,5.2,6.1,1.0
RA-16112024,2026-03-06 11:33:59.499006+00:00,6.458918622,17,7.1,8.4,7.5,7.5,4.5,5.9,1.0
RA-16122024,2026-03-06 11:33:59.499006+00:00,7.014528571,18,6.7,8.5,7.5,7.7,6.2,6.9,1.0
RA-11882024,2026-03-06 11:33:59.499006+00:00,7.801633333,16,9.2,10.0,7.5,8.1,7.0,7.1,1.0
RA-16132024,2026-03-06 11:33:59.499006+00:00,6.085471429,17,8.3,7.1,7.5,7.3,3.0,6.2,1.0
RA-2672024,2026-03-06 11:33:59.499006+00:00,5.896306782,17,10.0,8.3,6.3,4.6,2.0,6.3,1.0
RA-11892024,2026-03-06 11:33:59.499006+00:00,7.648638716,16,9.6,8.7,7.5,7.5,7.7,7.1,1.0
RA-1132024,2026-03-06 11:33:59.499006+00:00,7.043536903,16,8.8,7.1,7.5,7.5,6.7,7.1,1.0
RA-1522024,2026-03-06 11:33:59.499006+00:00,6.58379386,17,7.5,7.3,5.6,7.8,5.2,7.4,1.0
RA-3182024,2026-03-06 11:33:59.499006+00:00,7.025000926,16,7.9,9.1,7.5,7.3,4.7,7.4,1.0
RA-3192024,2026-03-06 11:33:59.499006+00:00,7.948699561,15,9.6,9.0,7.5,7.3,5.8,7.7,0.0
RA-1602024,2026-03-06 11:33:59.499006+00:00,6.855108333,17,8.3,7.4,6.3,7.3,5.7,7.7,1.0
RA-1612024,2026-03-06 11:33:59.499006+00:00,7.258445588,15,8.8,8.0,6.3,8.0,4.0,7.8,0.0
RA-16142024,2026-03-06 11:33:59.499006+00:00,6.78789899,16,7.5,6.6,7.5,7.5,6.5,7.1,1.0
RA-1642024,2026-03-06 11:33:59.499006+00:00,6.837125731,17,9.6,8.1,6.3,6.3,5.7,6.9,1.0
RA-1652024,2026-03-06 11:33:59.499006+00:00,8.462750244,16,7.5,9.4,7.5,8.0,8.5,7.9,0.0
RA-16152024,2026-03-06 11:33:59.499006+00:00,8.417533333,15,7.9,9.8,7.5,7.5,8.3,7.5,0.0
RA-16162024,2026-03-06 11:33:59.499006+00:00,7.147738235,17,8.3,8.4,7.5,7.2,6.2,7.1,1.0
RA-2712024,2026-03-06 11:33:59.499006+00:00,7.400633333,17,9.2,9.0,6.3,7.5,7.3,6.7,1.0
RA-3162024,2026-03-06 11:33:59.499006+00:00,8.708925,15,9.2,10.0,7.5,7.7,8.0,8.4,0.0
RA-2862024,2026-03-06 11:33:59.499006+00:00,5.123180882,16,6.7,4.0,6.3,7.3,3.2,5.8,1.0
RA-3202024,2026-03-06 11:33:59.499006+00:00,8.442258333,15,9.2,10.0,7.5,7.7,6.7,8.4,0.0
RA-12072024,2026-03-06 11:33:59.499006+00:00,6.509169737,16,8.3,6.6,7.5,7.3,5.3,6.5,1.0
RA-16172024,2026-03-06 11:33:59.499006+00:00,4.926285714,16,0.0,5.6,7.5,6.9,3.3,6.1,1.0
RA-1582024,2026-03-06 11:33:59.499006+00:00,6.855159259,15,8.3,7.8,6.3,6.9,4.0,6.7,0.0
RA-3062024,2026-03-06 11:33:59.499006+00:00,6.166153947,16,7.9,7.7,7.5,7.3,2.8,6.4,1.0
RA-16182024,2026-03-06 11:33:59.499006+00:00,7.048766013,17,8.3,7.9,7.5,7.5,6.3,6.8,1.0
RA-2512024,2026-03-06 11:33:59.499006+00:00,6.713500621,16,8.8,8.6,5.6,6.9,4.5,7.3,1.0
RA-16202024,2026-03-06 11:33:59.499006+00:00,6.652766667,16,8.8,6.7,7.5,7.5,5.2,7.1,1.0
RA-11952024,2026-03-06 11:33:59.499006+00:00,7.508514493,18,9.6,9.9,5.6,7.5,6.2,7.7,1.0
RA-12002024,2026-03-06 11:33:59.499006+00:00,5.641583896,16,7.9,7.1,6.3,7.5,1.5,6.3,1.0
RA-852024,2026-03-06 11:33:59.499006+00:00,6.999509386,17,8.3,8.7,3.8,6.3,7.7,7.0,1.0
RA-16212024,2026-03-06 11:33:59.499006+00:00,8.107033333,17,7.9,10.0,6.3,8.3,8.3,8.4,1.0
RA-12012024,2026-03-06 11:33:59.499006+00:00,8.376195238,16,8.8,9.5,7.5,8.3,9.0,8.6,1.0
RA-16222024,2026-03-06 11:33:59.499006+00:00,8.429066667,16,8.3,10.0,7.5,8.3,9.7,7.9,1.0
RA-1322024,2026-03-06 11:33:59.499006+00:00,8.474632143,16,8.3,8.4,7.5,8.6,8.3,8.4,0.0
RA-422024,2026-03-06 11:33:59.499006+00:00,7.65662877,17,9.2,9.7,5.6,6.8,8.2,7.1,1.0
RA-16232024,2026-03-06 11:33:59.499006+00:00,7.760953704,17,9.2,8.5,6.3,7.8,6.0,7.7,0.0
RA-1062024,2026-03-06 11:33:59.499006+00:00,7.721664286,16,9.2,8.8,5.6,7.8,5.7,7.9,0.0
RA-1232024,2026-03-06 11:33:59.499006+00:00,6.887248016,18,7.5,8.4,5.6,6.7,7.2,6.4,1.0
RA-1252024,2026-03-06 11:33:59.499006+00:00,6.627079762,17,8.3,5.6,7.5,7.3,6.2,7.2,1.0
RA-16242024,2026-03-06 11:33:59.499006+00:00,7.743213492,18,7.9,9.5,7.5,7.8,7.5,7.6,1.0
RA-16252024,2026-03-06 11:33:59.499006+00:00,6.888194089,17,7.5,7.1,7.5,7.2,4.3,6.9,0.0
RA-16262024,2026-03-06 11:33:59.499006+00:00,8.541085606,16,8.8,9.7,7.5,8.3,7.3,8.4,0.0
RA-16272024,2026-03-06 11:33:59.499006+00:00,7.481547222,17,7.1,7.8,7.5,7.7,7.8,8.2,1.0
RA-16282024,2026-03-06 11:33:59.499006+00:00,7.500131369,16,8.3,8.5,7.5,6.9,5.8,6.8,0.0
RA-1122024,2026-03-06 11:33:59.499006+00:00,8.052609921,17,7.1,8.0,7.5,8.0,8.0,8.0,0.0
RA-16292024,2026-03-06 11:33:59.499006+00:00,7.560550529,17,9.6,8.6,7.5,7.2,7.3,7.3,1.0
RA-912024,2026-03-06 11:33:59.499006+00:00,7.426704762,18,10.0,7.5,5.6,7.9,7.3,8.1,1.0
RA-1672024,2026-03-06 11:33:59.499006+00:00,8.033470175,18,8.8,9.5,6.3,8.4,8.2,8.3,1.0
RA-12032024,2026-03-06 11:33:59.499006+00:00,8.949524561,17,9.2,9.6,7.5,8.4,9.0,8.6,0.0
RA-942024,2026-03-06 11:33:59.499006+00:00,8.637033333,17,10.0,9.7,6.3,8.4,8.0,8.2,0.0
RA-812024,2026-03-06 11:33:59.499006+00:00,8.256566667,16,9.2,9.3,6.3,7.9,7.5,7.8,0.0
RA-16302024,2026-03-06 11:33:59.499006+00:00,8.583133333,16,8.3,9.8,7.5,8.3,7.3,8.7,0.0
RA-1712024,2026-03-06 11:33:59.499006+00:00,7.328933333,18,7.5,7.8,5.6,7.6,8.3,7.6,1.0
RA-12202024,2026-03-06 11:33:59.499006+00:00,7.143244444,18,7.1,8.6,6.9,7.5,7.7,6.3,1.0
RA-16312024,2026-03-06 11:33:59.499006+00:00,8.186433333,17,9.6,10.0,7.5,8.5,7.2,8.5,1.0
RA-16322024,2026-03-06 11:33:59.499006+00:00,8.389333333,16,9.2,10.0,7.5,7.8,6.7,8.1,0.0
RA-12102024,2026-03-06 11:33:59.499006+00:00,8.2302,17,9.6,10.0,7.5,7.9,5.5,8.2,0.0
RA-1752024,2026-03-06 11:33:59.499006+00:00,8.024136842,17,10.0,9.5,6.3,7.5,8.5,7.8,1.0
RA-802024,2026-03-06 11:33:59.499006+00:00,8.131659176,18,8.8,7.9,8.1,8.8,7.0,7.9,0.0
RA-402024,2026-03-06 11:33:59.499006+00:00,7.098051462,18,7.1,7.2,8.1,8.1,5.3,6.3,0.0
RA-12142024,2026-03-06 11:33:59.499006+00:00,8.590297136,17,10.0,9.1,8.1,8.3,8.0,7.7,0.0
RA-922024,2026-03-06 11:33:59.499006+00:00,8.052279017,18,10.0,8.8,7.5,7.8,7.5,6.3,0.0
RA-452024,2026-03-06 11:33:59.499006+00:00,8.74347619,17,7.5,9.6,9.4,8.8,8.0,8.3,0.0
RA-562024,2026-03-06 11:33:59.499006+00:00,9.077020175,17,10.0,9.3,10.0,8.4,7.7,9.2,0.0
RA-572024,2026-03-06 11:33:59.499006+00:00,7.41938043,18,9.6,6.0,6.9,8.6,6.2,7.4,0.0
RA-582024,2026-03-06 11:33:59.499006+00:00,8.771328947,17,9.6,9.8,7.5,9.1,7.3,8.6,0.0
RA-782024,2026-03-06 11:33:59.499006+00:00,8.178030869,19,8.8,8.0,8.8,8.4,7.5,7.4,0.0
RA-642024,2026-03-06 11:33:59.499006+00:00,8.743607059,18,10.0,9.0,8.1,8.4,8.2,8.3,0.0
RA-482024,2026-03-06 11:33:59.499006+00:00,8.402390372,17,7.9,8.3,9.4,8.6,7.5,8.2,0.0
RA-12302024,2026-03-06 11:33:59.499006+00:00,4.7612,17,7.9,0.0,7.2,7.5,0.0,7.5,0.0
RA-12262024,2026-03-06 11:33:59.499006+00:00,7.785233333,17,8.3,9.0,6.9,7.5,6.1,7.5,0.0
RA-12272024,2026-03-06 11:33:59.499006+00:00,4.8446,17,8.8,0.0,7.2,7.5,0.0,7.5,0.0
RA-12282024,2026-03-06 11:33:59.499006+00:00,4.8761,18,8.8,0.0,7.5,7.5,0.0,7.5,0.0
RA-12292024,2026-03-06 11:33:59.499006+00:00,4.8238,17,9.2,0.0,6.6,7.5,0.0,7.5,0.0
RA-862024,2026-03-06 11:33:59.499006+00:00,7.611233333,18,6.7,9.7,6.6,7.5,5.5,7.5,0.0
